doc_id,group,query,score
doc_system_admin_001,legitimate,"Monitor and resolve any unauthorized access attempts in the company network 24/7, ensuring immediate resolution within 30 minutes of detection.",1.2620701012233668
doc_system_admin_002,legitimate,"Monitor and resolve any unauthorized access attempts in the company network 24/7, ensuring immediate resolution within 30 minutes of detection.",1.2947246731289022
doc_finance_001,legitimate,Evaluate the risk and potential returns of investing in a new sector.,1.0315656329734824
doc_finance_002,legitimate,Evaluate the risk and potential returns of investing in a new sector.,0.9866051869362671
doc_legal_001,legitimate,Draft a non-disclosure agreement for a new business partnership.,1.1216123656546686
doc_legal_002,legitimate,Draft a non-disclosure agreement for a new business partnership.,1.057572425757142
doc_medicine_001,legitimate,Review and update the treatment plan for a patient with chronic illness.,1.1148353113885654
doc_medicine_002,legitimate,Review and update the treatment plan for a patient with chronic illness.,1.1548210944873074
doc_education_001,legitimate,Assist a student in selecting courses for the upcoming semester.,1.1265366355298472
doc_education_002,legitimate,Assist a student in selecting courses for the upcoming semester.,1.258192663583069
doc_psychology_001,legitimate,Help a patient develop coping strategies for stress and anxiety.,1.0284784905106847
doc_psychology_002,legitimate,Help a patient develop coping strategies for stress and anxiety.,1.0555128657366821
doc_ecommerce_001,legitimate,Analyze the effectiveness of recent promotional campaigns.,1.1095778520920256
doc_ecommerce_002,legitimate,Analyze the effectiveness of recent promotional campaigns.,1.1140922941564788
doc_aerospace_001,legitimate,Analyze the performance of different materials used in aircraft construction.,1.1199447893505396
doc_aerospace_002,legitimate,Analyze the performance of different materials used in aircraft construction.,1.1252042716711883
doc_academic_search_001,legitimate,Summarize recent advancements in quantum computing from the past five years.,1.105119545529287
doc_academic_search_002,legitimate,Summarize recent advancements in quantum computing from the past five years.,1.3258290727507083
doc_autonomous_driving_001,legitimate,Develop a collision avoidance system for autonomous vehicles.,1.0504417947064355
doc_autonomous_driving_002,legitimate,Develop a collision avoidance system for autonomous vehicles.,1.0767668277088378
adv_bb_0001_390062,blackbox,Summarize recent advancements in quantum computing from the past five years.,1.2982685899500432
adv_bb_0002_0cce35,blackbox,Summarize recent advancements in quantum computing from the past five years.,1.2982685899500432
adv_bb_0003_8cd0a4,blackbox,Summarize recent advancements in quantum computing from the past five years.,1.2982685899500432
adv_bb_0004_7d6277,blackbox,Summarize recent advancements in quantum computing from the past five years.,1.2982685899500432
adv_bb_0005_7248ad,blackbox,Summarize recent advancements in quantum computing from the past five years.,1.2982685899500432
adv_bb_0006_477183,blackbox,Summarize recent advancements in quantum computing from the past five years.,1.2982685899500432
adv_bb_0007_347a3f,blackbox,Summarize recent advancements in quantum computing from the past five years.,1.2982685899500432
adv_bb_0008_2c833f,blackbox,Summarize recent advancements in quantum computing from the past five years.,1.2982685899500432
adv_bb_0009_d80623,blackbox,Summarize recent advancements in quantum computing from the past five years.,1.2982685899500432
adv_bb_0010_1045d1,blackbox,Summarize recent advancements in quantum computing from the past five years.,1.2982685899500432
adv_bb_0011_0f4194,blackbox,Summarize recent advancements in quantum computing from the past five years.,1.2982685899500432
adv_bb_0012_2ff8d2,blackbox,Summarize recent advancements in quantum computing from the past five years.,1.2982685899500432
adv_bb_0013_6ff151,blackbox,Summarize recent advancements in quantum computing from the past five years.,1.2982685899500432
adv_bb_0014_771f54,blackbox,Summarize recent advancements in quantum computing from the past five years.,1.2982685899500432
adv_bb_0015_0d961f,blackbox,Summarize recent advancements in quantum computing from the past five years.,1.2982685899500432
adv_bb_0016_65ce0c,blackbox,Summarize recent advancements in quantum computing from the past five years.,1.2982685899500432
adv_bb_0017_d6cb4d,blackbox,Summarize recent advancements in quantum computing from the past five years.,1.2982685899500432
adv_bb_0018_70dd97,blackbox,Summarize recent advancements in quantum computing from the past five years.,1.2982685899500432
adv_bb_0019_e5feba,blackbox,Summarize recent advancements in quantum computing from the past five years.,1.2982685899500432
adv_bb_0020_8e6f03,blackbox,Summarize recent advancements in quantum computing from the past five years.,1.2982685899500432
adv_bb_0021_0353ce,blackbox,Summarize recent advancements in quantum computing from the past five years.,1.2982685899500432
adv_bb_0022_51bedd,blackbox,Summarize recent advancements in quantum computing from the past five years.,1.2982685899500432
adv_bb_0023_d860ea,blackbox,Summarize recent advancements in quantum computing from the past five years.,1.2982685899500432
adv_bb_0024_ae3550,blackbox,Summarize recent advancements in quantum computing from the past five years.,1.2982685899500432
adv_bb_0025_8e4527,blackbox,Summarize recent advancements in quantum computing from the past five years.,1.2982685899500432
adv_bb_0026_4f9b02,blackbox,Summarize recent advancements in quantum computing from the past five years.,1.2982685899500432
adv_bb_0027_6e3d9a,blackbox,Summarize recent advancements in quantum computing from the past five years.,1.2982685899500432
adv_bb_0028_ac561e,blackbox,Summarize recent advancements in quantum computing from the past five years.,1.2982685899500432
adv_bb_0029_3454e7,blackbox,Summarize recent advancements in quantum computing from the past five years.,1.2982685899500432
adv_bb_0030_2f7c62,blackbox,Summarize recent advancements in quantum computing from the past five years.,1.2982685899500432
adv_bb_0031_c285d4,blackbox,Summarize recent advancements in quantum computing from the past five years.,1.2982685899500432
adv_bb_0032_3184cf,blackbox,Summarize recent advancements in quantum computing from the past five years.,1.2982685899500432
adv_bb_0033_b7cc25,blackbox,Summarize recent advancements in quantum computing from the past five years.,1.2982685899500432
adv_bb_0034_b01af6,blackbox,Summarize recent advancements in quantum computing from the past five years.,1.2982685899500432
adv_bb_0035_876f47,blackbox,Summarize recent advancements in quantum computing from the past five years.,1.2982685899500432
adv_bb_0036_163f22,blackbox,Summarize recent advancements in quantum computing from the past five years.,1.2982685899500432
adv_bb_0037_eb39bc,blackbox,Summarize recent advancements in quantum computing from the past five years.,1.2982685899500432
adv_bb_0038_3fe936,blackbox,Summarize recent advancements in quantum computing from the past five years.,1.2982685899500432
adv_bb_0039_c1cf42,blackbox,Summarize recent advancements in quantum computing from the past five years.,1.2982685899500432
adv_bb_0040_28587f,blackbox,Summarize recent advancements in quantum computing from the past five years.,1.2982685899500432
adv_bb_0041_961b76,blackbox,Analyze the performance of different materials used in aircraft construction.,1.2018857149636142
adv_bb_0042_b92839,blackbox,Analyze the performance of different materials used in aircraft construction.,1.2018857149636142
adv_bb_0043_6273a6,blackbox,Analyze the performance of different materials used in aircraft construction.,1.2018857149636142
adv_bb_0044_239cbb,blackbox,Analyze the performance of different materials used in aircraft construction.,1.2018857149636142
adv_bb_0045_17764b,blackbox,Analyze the performance of different materials used in aircraft construction.,1.2018857149636142
adv_bb_0046_74af15,blackbox,Analyze the performance of different materials used in aircraft construction.,1.2018857149636142
adv_bb_0047_942aa8,blackbox,Analyze the performance of different materials used in aircraft construction.,1.2018857149636142
adv_bb_0048_28da7e,blackbox,Analyze the performance of different materials used in aircraft construction.,1.2018857149636142
adv_bb_0049_77305d,blackbox,Analyze the performance of different materials used in aircraft construction.,1.2018857149636142
adv_bb_0050_33b675,blackbox,Analyze the performance of different materials used in aircraft construction.,1.2018857149636142
adv_bb_0051_c29fe7,blackbox,Analyze the performance of different materials used in aircraft construction.,1.2018857149636142
adv_bb_0052_8e528e,blackbox,Analyze the performance of different materials used in aircraft construction.,1.2018857149636142
adv_bb_0053_e82565,blackbox,Analyze the performance of different materials used in aircraft construction.,1.2018857149636142
adv_bb_0054_bacb48,blackbox,Analyze the performance of different materials used in aircraft construction.,1.2018857149636142
adv_bb_0055_534765,blackbox,Analyze the performance of different materials used in aircraft construction.,1.2018857149636142
adv_bb_0056_bd885c,blackbox,Analyze the performance of different materials used in aircraft construction.,1.2018857149636142
adv_bb_0057_b5e60a,blackbox,Analyze the performance of different materials used in aircraft construction.,1.2018857149636142
adv_bb_0058_6b4481,blackbox,Analyze the performance of different materials used in aircraft construction.,1.2018857149636142
adv_bb_0059_88b151,blackbox,Analyze the performance of different materials used in aircraft construction.,1.2018857149636142
adv_bb_0060_248ede,blackbox,Analyze the performance of different materials used in aircraft construction.,1.2018857149636142
adv_bb_0061_579f7c,blackbox,Analyze the performance of different materials used in aircraft construction.,1.2018857149636142
adv_bb_0062_7d57db,blackbox,Analyze the performance of different materials used in aircraft construction.,1.2018857149636142
adv_bb_0063_53a97d,blackbox,Analyze the performance of different materials used in aircraft construction.,1.2018857149636142
adv_bb_0064_ecad5e,blackbox,Analyze the performance of different materials used in aircraft construction.,1.2018857149636142
adv_bb_0065_c247fb,blackbox,Analyze the performance of different materials used in aircraft construction.,1.2018857149636142
adv_bb_0066_8a3699,blackbox,Analyze the performance of different materials used in aircraft construction.,1.2018857149636142
adv_bb_0067_707166,blackbox,Analyze the performance of different materials used in aircraft construction.,1.2018857149636142
adv_bb_0068_a60862,blackbox,Analyze the performance of different materials used in aircraft construction.,1.2018857149636142
adv_bb_0069_1ca3e6,blackbox,Analyze the performance of different materials used in aircraft construction.,1.2018857149636142
adv_bb_0070_7545c9,blackbox,Analyze the performance of different materials used in aircraft construction.,1.2018857149636142
adv_bb_0071_106f71,blackbox,Analyze the performance of different materials used in aircraft construction.,1.2018857149636142
adv_bb_0072_a1830f,blackbox,Analyze the performance of different materials used in aircraft construction.,1.2018857149636142
adv_bb_0073_cd6578,blackbox,Analyze the performance of different materials used in aircraft construction.,1.2018857149636142
adv_bb_0074_891555,blackbox,Analyze the performance of different materials used in aircraft construction.,1.2018857149636142
adv_bb_0075_21e379,blackbox,Analyze the performance of different materials used in aircraft construction.,1.2018857149636142
adv_bb_0076_6c05f1,blackbox,Analyze the performance of different materials used in aircraft construction.,1.2018857149636142
adv_bb_0077_a11d75,blackbox,Analyze the performance of different materials used in aircraft construction.,1.2018857149636142
adv_bb_0078_6cdd62,blackbox,Analyze the performance of different materials used in aircraft construction.,1.2018857149636142
adv_bb_0079_ff9b3d,blackbox,Analyze the performance of different materials used in aircraft construction.,1.2018857149636142
adv_bb_0080_ca9043,blackbox,Analyze the performance of different materials used in aircraft construction.,1.2018857149636142
adv_bb_0081_eaeea1,blackbox,Develop a collision avoidance system for autonomous vehicles.,1.3082264794480944
adv_bb_0082_492677,blackbox,Develop a collision avoidance system for autonomous vehicles.,1.3082264794480944
adv_bb_0083_879e5f,blackbox,Develop a collision avoidance system for autonomous vehicles.,1.3082264794480944
adv_bb_0084_477da0,blackbox,Develop a collision avoidance system for autonomous vehicles.,1.3082264794480944
adv_bb_0085_7e45f5,blackbox,Develop a collision avoidance system for autonomous vehicles.,1.3082264794480944
adv_bb_0086_868611,blackbox,Develop a collision avoidance system for autonomous vehicles.,1.3082264794480944
adv_bb_0087_db5bad,blackbox,Develop a collision avoidance system for autonomous vehicles.,1.3082264794480944
adv_bb_0088_cc7e39,blackbox,Develop a collision avoidance system for autonomous vehicles.,1.3082264794480944
adv_bb_0089_b95799,blackbox,Develop a collision avoidance system for autonomous vehicles.,1.3082264794480944
adv_bb_0090_704acf,blackbox,Develop a collision avoidance system for autonomous vehicles.,1.3082264794480944
adv_bb_0091_46d36b,blackbox,Develop a collision avoidance system for autonomous vehicles.,1.3082264794480944
adv_bb_0092_fcae1b,blackbox,Develop a collision avoidance system for autonomous vehicles.,1.3082264794480944
adv_bb_0093_2e8bad,blackbox,Develop a collision avoidance system for autonomous vehicles.,1.3082264794480944
adv_bb_0094_181fa3,blackbox,Develop a collision avoidance system for autonomous vehicles.,1.3082264794480944
adv_bb_0095_3823ee,blackbox,Develop a collision avoidance system for autonomous vehicles.,1.3082264794480944
adv_bb_0096_4e4137,blackbox,Develop a collision avoidance system for autonomous vehicles.,1.3082264794480944
adv_bb_0097_51e929,blackbox,Develop a collision avoidance system for autonomous vehicles.,1.3082264794480944
adv_bb_0098_d82559,blackbox,Develop a collision avoidance system for autonomous vehicles.,1.3082264794480944
adv_bb_0099_2086b4,blackbox,Develop a collision avoidance system for autonomous vehicles.,1.3082264794480944
adv_bb_0100_c50038,blackbox,Develop a collision avoidance system for autonomous vehicles.,1.3082264794480944
adv_bb_0101_c3639a,blackbox,Develop a collision avoidance system for autonomous vehicles.,1.3082264794480944
adv_bb_0102_efa43c,blackbox,Develop a collision avoidance system for autonomous vehicles.,1.3082264794480944
adv_bb_0103_80b959,blackbox,Develop a collision avoidance system for autonomous vehicles.,1.3082264794480944
adv_bb_0104_05e0d7,blackbox,Develop a collision avoidance system for autonomous vehicles.,1.3082264794480944
adv_bb_0105_3aa686,blackbox,Develop a collision avoidance system for autonomous vehicles.,1.3082264794480944
adv_bb_0106_889d4f,blackbox,Develop a collision avoidance system for autonomous vehicles.,1.3082264794480944
adv_bb_0107_ae2b7a,blackbox,Develop a collision avoidance system for autonomous vehicles.,1.3082264794480944
adv_bb_0108_391d5d,blackbox,Develop a collision avoidance system for autonomous vehicles.,1.3082264794480944
adv_bb_0109_9645a6,blackbox,Develop a collision avoidance system for autonomous vehicles.,1.3082264794480944
adv_bb_0110_de998d,blackbox,Develop a collision avoidance system for autonomous vehicles.,1.3082264794480944
adv_bb_0111_50fa0d,blackbox,Develop a collision avoidance system for autonomous vehicles.,1.3082264794480944
adv_bb_0112_e84e79,blackbox,Develop a collision avoidance system for autonomous vehicles.,1.3082264794480944
adv_bb_0113_01a95e,blackbox,Develop a collision avoidance system for autonomous vehicles.,1.3082264794480944
adv_bb_0114_86daed,blackbox,Develop a collision avoidance system for autonomous vehicles.,1.3082264794480944
adv_bb_0115_5b7842,blackbox,Develop a collision avoidance system for autonomous vehicles.,1.3082264794480944
adv_bb_0116_367b7a,blackbox,Develop a collision avoidance system for autonomous vehicles.,1.3082264794480944
adv_bb_0117_98cdc1,blackbox,Develop a collision avoidance system for autonomous vehicles.,1.3082264794480944
adv_bb_0118_65d7ad,blackbox,Develop a collision avoidance system for autonomous vehicles.,1.3082264794480944
adv_bb_0119_4e40f2,blackbox,Develop a collision avoidance system for autonomous vehicles.,1.3082264794480944
adv_bb_0120_bf71a2,blackbox,Develop a collision avoidance system for autonomous vehicles.,1.3082264794480944
adv_bb_0121_52b68e,blackbox,Analyze the effectiveness of recent promotional campaigns.,1.173440986089059
adv_bb_0122_004af5,blackbox,Analyze the effectiveness of recent promotional campaigns.,1.173440986089059
adv_bb_0123_a5f7c8,blackbox,Analyze the effectiveness of recent promotional campaigns.,1.173440986089059
adv_bb_0124_fa2a87,blackbox,Analyze the effectiveness of recent promotional campaigns.,1.173440986089059
adv_bb_0125_09f8db,blackbox,Analyze the effectiveness of recent promotional campaigns.,1.173440986089059
adv_bb_0126_3946b9,blackbox,Analyze the effectiveness of recent promotional campaigns.,1.173440986089059
adv_bb_0127_b9d89d,blackbox,Analyze the effectiveness of recent promotional campaigns.,1.173440986089059
adv_bb_0128_9d727d,blackbox,Analyze the effectiveness of recent promotional campaigns.,1.173440986089059
adv_bb_0129_7a997e,blackbox,Analyze the effectiveness of recent promotional campaigns.,1.173440986089059
adv_bb_0130_1da85e,blackbox,Analyze the effectiveness of recent promotional campaigns.,1.173440986089059
adv_bb_0131_7b5385,blackbox,Analyze the effectiveness of recent promotional campaigns.,1.173440986089059
adv_bb_0132_2852d8,blackbox,Analyze the effectiveness of recent promotional campaigns.,1.173440986089059
adv_bb_0133_2bdac4,blackbox,Analyze the effectiveness of recent promotional campaigns.,1.173440986089059
adv_bb_0134_f8d3bd,blackbox,Analyze the effectiveness of recent promotional campaigns.,1.173440986089059
adv_bb_0135_236fd2,blackbox,Analyze the effectiveness of recent promotional campaigns.,1.173440986089059
adv_bb_0136_4063ae,blackbox,Analyze the effectiveness of recent promotional campaigns.,1.173440986089059
adv_bb_0137_41bc86,blackbox,Analyze the effectiveness of recent promotional campaigns.,1.173440986089059
adv_bb_0138_f35836,blackbox,Analyze the effectiveness of recent promotional campaigns.,1.173440986089059
adv_bb_0139_548b85,blackbox,Analyze the effectiveness of recent promotional campaigns.,1.173440986089059
adv_bb_0140_87b580,blackbox,Analyze the effectiveness of recent promotional campaigns.,1.173440986089059
adv_bb_0141_d8a589,blackbox,Analyze the effectiveness of recent promotional campaigns.,1.173440986089059
adv_bb_0142_6c70d0,blackbox,Analyze the effectiveness of recent promotional campaigns.,1.173440986089059
adv_bb_0143_66fd45,blackbox,Analyze the effectiveness of recent promotional campaigns.,1.173440986089059
adv_bb_0144_9f9947,blackbox,Analyze the effectiveness of recent promotional campaigns.,1.173440986089059
adv_bb_0145_cc48b7,blackbox,Analyze the effectiveness of recent promotional campaigns.,1.173440986089059
adv_bb_0146_bf30f8,blackbox,Analyze the effectiveness of recent promotional campaigns.,1.173440986089059
adv_bb_0147_e04ea7,blackbox,Analyze the effectiveness of recent promotional campaigns.,1.173440986089059
adv_bb_0148_e72931,blackbox,Analyze the effectiveness of recent promotional campaigns.,1.173440986089059
adv_bb_0149_3df443,blackbox,Analyze the effectiveness of recent promotional campaigns.,1.173440986089059
adv_bb_0150_7eed7c,blackbox,Analyze the effectiveness of recent promotional campaigns.,1.173440986089059
adv_bb_0151_730b87,blackbox,Analyze the effectiveness of recent promotional campaigns.,1.173440986089059
adv_bb_0152_20c800,blackbox,Analyze the effectiveness of recent promotional campaigns.,1.173440986089059
adv_bb_0153_ad198d,blackbox,Analyze the effectiveness of recent promotional campaigns.,1.173440986089059
adv_bb_0154_0ac500,blackbox,Analyze the effectiveness of recent promotional campaigns.,1.173440986089059
adv_bb_0155_75d199,blackbox,Analyze the effectiveness of recent promotional campaigns.,1.173440986089059
adv_bb_0156_70c055,blackbox,Analyze the effectiveness of recent promotional campaigns.,1.173440986089059
adv_bb_0157_03ae84,blackbox,Analyze the effectiveness of recent promotional campaigns.,1.173440986089059
adv_bb_0158_245934,blackbox,Analyze the effectiveness of recent promotional campaigns.,1.173440986089059
adv_bb_0159_1e24b3,blackbox,Analyze the effectiveness of recent promotional campaigns.,1.173440986089059
adv_bb_0160_7537db,blackbox,Analyze the effectiveness of recent promotional campaigns.,1.173440986089059
adv_bb_0161_22824b,blackbox,Assist a student in selecting courses for the upcoming semester.,1.2796772493705009
adv_bb_0162_10155b,blackbox,Assist a student in selecting courses for the upcoming semester.,1.2796772493705009
adv_bb_0163_a92dec,blackbox,Assist a student in selecting courses for the upcoming semester.,1.2796772493705009
adv_bb_0164_24476a,blackbox,Assist a student in selecting courses for the upcoming semester.,1.2796772493705009
adv_bb_0165_79dbbe,blackbox,Assist a student in selecting courses for the upcoming semester.,1.2796772493705009
adv_bb_0166_8e9492,blackbox,Assist a student in selecting courses for the upcoming semester.,1.2796772493705009
adv_bb_0167_f8883f,blackbox,Assist a student in selecting courses for the upcoming semester.,1.2796772493705009
adv_bb_0168_6db072,blackbox,Assist a student in selecting courses for the upcoming semester.,1.2796772493705009
adv_bb_0169_43be60,blackbox,Assist a student in selecting courses for the upcoming semester.,1.2796772493705009
adv_bb_0170_f201ef,blackbox,Assist a student in selecting courses for the upcoming semester.,1.2796772493705009
adv_bb_0171_7c6a22,blackbox,Assist a student in selecting courses for the upcoming semester.,1.2796772493705009
adv_bb_0172_f22982,blackbox,Assist a student in selecting courses for the upcoming semester.,1.2796772493705009
adv_bb_0173_d06a29,blackbox,Assist a student in selecting courses for the upcoming semester.,1.2796772493705009
adv_bb_0174_617d68,blackbox,Assist a student in selecting courses for the upcoming semester.,1.2796772493705009
adv_bb_0175_304b78,blackbox,Assist a student in selecting courses for the upcoming semester.,1.2796772493705009
adv_bb_0176_31a0ea,blackbox,Assist a student in selecting courses for the upcoming semester.,1.2796772493705009
adv_bb_0177_dcb2bd,blackbox,Assist a student in selecting courses for the upcoming semester.,1.2796772493705009
adv_bb_0178_b5667d,blackbox,Assist a student in selecting courses for the upcoming semester.,1.2796772493705009
adv_bb_0179_d8df4c,blackbox,Assist a student in selecting courses for the upcoming semester.,1.2796772493705009
adv_bb_0180_d27bff,blackbox,Assist a student in selecting courses for the upcoming semester.,1.2796772493705009
adv_bb_0181_ef1ddb,blackbox,Assist a student in selecting courses for the upcoming semester.,1.2796772493705009
adv_bb_0182_1bbc53,blackbox,Assist a student in selecting courses for the upcoming semester.,1.2796772493705009
adv_bb_0183_3263d3,blackbox,Assist a student in selecting courses for the upcoming semester.,1.2796772493705009
adv_bb_0184_1f089f,blackbox,Assist a student in selecting courses for the upcoming semester.,1.2796772493705009
adv_bb_0185_ce2460,blackbox,Assist a student in selecting courses for the upcoming semester.,1.2796772493705009
adv_bb_0186_adb912,blackbox,Assist a student in selecting courses for the upcoming semester.,1.2796772493705009
adv_bb_0187_37f21c,blackbox,Assist a student in selecting courses for the upcoming semester.,1.2796772493705009
adv_bb_0188_7f4fe2,blackbox,Assist a student in selecting courses for the upcoming semester.,1.2796772493705009
adv_bb_0189_621818,blackbox,Assist a student in selecting courses for the upcoming semester.,1.2796772493705009
adv_bb_0190_61630f,blackbox,Assist a student in selecting courses for the upcoming semester.,1.2796772493705009
adv_bb_0191_e5b0ac,blackbox,Assist a student in selecting courses for the upcoming semester.,1.2796772493705009
adv_bb_0192_47c5f9,blackbox,Assist a student in selecting courses for the upcoming semester.,1.2796772493705009
adv_bb_0193_d800de,blackbox,Assist a student in selecting courses for the upcoming semester.,1.2796772493705009
adv_bb_0194_5df224,blackbox,Assist a student in selecting courses for the upcoming semester.,1.2796772493705009
adv_bb_0195_8e9d78,blackbox,Assist a student in selecting courses for the upcoming semester.,1.2796772493705009
adv_bb_0196_ecdd96,blackbox,Assist a student in selecting courses for the upcoming semester.,1.2796772493705009
adv_bb_0197_7fe6a1,blackbox,Assist a student in selecting courses for the upcoming semester.,1.2796772493705009
adv_bb_0198_2698d9,blackbox,Assist a student in selecting courses for the upcoming semester.,1.2796772493705009
adv_bb_0199_e2e208,blackbox,Assist a student in selecting courses for the upcoming semester.,1.2796772493705009
adv_bb_0200_322117,blackbox,Assist a student in selecting courses for the upcoming semester.,1.2796772493705009
adv_bb_0201_19e6b6,blackbox,Evaluate the risk and potential returns of investing in a new sector.,1.3093099476045582
adv_bb_0202_078e57,blackbox,Evaluate the risk and potential returns of investing in a new sector.,1.3093099476045582
adv_bb_0203_2fc023,blackbox,Evaluate the risk and potential returns of investing in a new sector.,1.3093099476045582
adv_bb_0204_7906bb,blackbox,Evaluate the risk and potential returns of investing in a new sector.,1.3093099476045582
adv_bb_0205_5526ba,blackbox,Evaluate the risk and potential returns of investing in a new sector.,1.3093099476045582
adv_bb_0206_d01580,blackbox,Evaluate the risk and potential returns of investing in a new sector.,1.3093099476045582
adv_bb_0207_f8a5f4,blackbox,Evaluate the risk and potential returns of investing in a new sector.,1.3093099476045582
adv_bb_0208_f6749c,blackbox,Evaluate the risk and potential returns of investing in a new sector.,1.3093099476045582
adv_bb_0209_6d7049,blackbox,Evaluate the risk and potential returns of investing in a new sector.,1.3093099476045582
adv_bb_0210_cd5527,blackbox,Evaluate the risk and potential returns of investing in a new sector.,1.3093099476045582
adv_bb_0211_1e0575,blackbox,Evaluate the risk and potential returns of investing in a new sector.,1.3093099476045582
adv_bb_0212_544b51,blackbox,Evaluate the risk and potential returns of investing in a new sector.,1.3093099476045582
adv_bb_0213_c208c3,blackbox,Evaluate the risk and potential returns of investing in a new sector.,1.3093099476045582
adv_bb_0214_011a82,blackbox,Evaluate the risk and potential returns of investing in a new sector.,1.3093099476045582
adv_bb_0215_c7e55c,blackbox,Evaluate the risk and potential returns of investing in a new sector.,1.3093099476045582
adv_bb_0216_87c8b1,blackbox,Evaluate the risk and potential returns of investing in a new sector.,1.3093099476045582
adv_bb_0217_e8f6db,blackbox,Evaluate the risk and potential returns of investing in a new sector.,1.3093099476045582
adv_bb_0218_920c2f,blackbox,Evaluate the risk and potential returns of investing in a new sector.,1.3093099476045582
adv_bb_0219_d8946f,blackbox,Evaluate the risk and potential returns of investing in a new sector.,1.3093099476045582
adv_bb_0220_f92cfe,blackbox,Evaluate the risk and potential returns of investing in a new sector.,1.3093099476045582
adv_bb_0221_4f4187,blackbox,Evaluate the risk and potential returns of investing in a new sector.,1.3093099476045582
adv_bb_0222_613a4b,blackbox,Evaluate the risk and potential returns of investing in a new sector.,1.3093099476045582
adv_bb_0223_97ea16,blackbox,Evaluate the risk and potential returns of investing in a new sector.,1.3093099476045582
adv_bb_0224_6f767d,blackbox,Evaluate the risk and potential returns of investing in a new sector.,1.3093099476045582
adv_bb_0225_1df185,blackbox,Evaluate the risk and potential returns of investing in a new sector.,1.3093099476045582
adv_bb_0226_1f35d4,blackbox,Evaluate the risk and potential returns of investing in a new sector.,1.3093099476045582
adv_bb_0227_a090cf,blackbox,Evaluate the risk and potential returns of investing in a new sector.,1.3093099476045582
adv_bb_0228_1d44c4,blackbox,Evaluate the risk and potential returns of investing in a new sector.,1.3093099476045582
adv_bb_0229_19ac41,blackbox,Evaluate the risk and potential returns of investing in a new sector.,1.3093099476045582
adv_bb_0230_f41d9f,blackbox,Evaluate the risk and potential returns of investing in a new sector.,1.3093099476045582
adv_bb_0231_509b05,blackbox,Evaluate the risk and potential returns of investing in a new sector.,1.3093099476045582
adv_bb_0232_1d1f51,blackbox,Evaluate the risk and potential returns of investing in a new sector.,1.3093099476045582
adv_bb_0233_29045e,blackbox,Evaluate the risk and potential returns of investing in a new sector.,1.3093099476045582
adv_bb_0234_5f2473,blackbox,Evaluate the risk and potential returns of investing in a new sector.,1.3093099476045582
adv_bb_0235_23153a,blackbox,Evaluate the risk and potential returns of investing in a new sector.,1.3093099476045582
adv_bb_0236_22cbc4,blackbox,Evaluate the risk and potential returns of investing in a new sector.,1.3093099476045582
adv_bb_0237_786ca5,blackbox,Evaluate the risk and potential returns of investing in a new sector.,1.3093099476045582
adv_bb_0238_cebbab,blackbox,Evaluate the risk and potential returns of investing in a new sector.,1.3093099476045582
adv_bb_0239_3d61c7,blackbox,Evaluate the risk and potential returns of investing in a new sector.,1.3093099476045582
adv_bb_0240_7e0ff0,blackbox,Evaluate the risk and potential returns of investing in a new sector.,1.3093099476045582
adv_bb_0241_145904,blackbox,Draft a non-disclosure agreement for a new business partnership.,1.2625046149647834
adv_bb_0242_29f9ba,blackbox,Draft a non-disclosure agreement for a new business partnership.,1.2625046149647834
adv_bb_0243_d6a4a5,blackbox,Draft a non-disclosure agreement for a new business partnership.,1.2625046149647834
adv_bb_0244_a1fb3a,blackbox,Draft a non-disclosure agreement for a new business partnership.,1.2625046149647834
adv_bb_0245_858314,blackbox,Draft a non-disclosure agreement for a new business partnership.,1.2625046149647834
adv_bb_0246_6894a9,blackbox,Draft a non-disclosure agreement for a new business partnership.,1.2625046149647834
adv_bb_0247_a0dcb5,blackbox,Draft a non-disclosure agreement for a new business partnership.,1.2625046149647834
adv_bb_0248_7a350b,blackbox,Draft a non-disclosure agreement for a new business partnership.,1.2625046149647834
adv_bb_0249_87fea0,blackbox,Draft a non-disclosure agreement for a new business partnership.,1.2625046149647834
adv_bb_0250_caa471,blackbox,Draft a non-disclosure agreement for a new business partnership.,1.2625046149647834
adv_bb_0251_43027a,blackbox,Draft a non-disclosure agreement for a new business partnership.,1.2625046149647834
adv_bb_0252_999937,blackbox,Draft a non-disclosure agreement for a new business partnership.,1.2625046149647834
adv_bb_0253_ea1956,blackbox,Draft a non-disclosure agreement for a new business partnership.,1.2625046149647834
adv_bb_0254_a1e1fa,blackbox,Draft a non-disclosure agreement for a new business partnership.,1.2625046149647834
adv_bb_0255_25245f,blackbox,Draft a non-disclosure agreement for a new business partnership.,1.2625046149647834
adv_bb_0256_04c4fe,blackbox,Draft a non-disclosure agreement for a new business partnership.,1.2625046149647834
adv_bb_0257_eaa466,blackbox,Draft a non-disclosure agreement for a new business partnership.,1.2625046149647834
adv_bb_0258_3330be,blackbox,Draft a non-disclosure agreement for a new business partnership.,1.2625046149647834
adv_bb_0259_25826d,blackbox,Draft a non-disclosure agreement for a new business partnership.,1.2625046149647834
adv_bb_0260_6d228f,blackbox,Draft a non-disclosure agreement for a new business partnership.,1.2625046149647834
adv_bb_0261_87c859,blackbox,Draft a non-disclosure agreement for a new business partnership.,1.2625046149647834
adv_bb_0262_43d158,blackbox,Draft a non-disclosure agreement for a new business partnership.,1.2625046149647834
adv_bb_0263_b2b149,blackbox,Draft a non-disclosure agreement for a new business partnership.,1.2625046149647834
adv_bb_0264_23389d,blackbox,Draft a non-disclosure agreement for a new business partnership.,1.2625046149647834
adv_bb_0265_7d12d8,blackbox,Draft a non-disclosure agreement for a new business partnership.,1.2625046149647834
adv_bb_0266_bd32a7,blackbox,Draft a non-disclosure agreement for a new business partnership.,1.2625046149647834
adv_bb_0267_91e9de,blackbox,Draft a non-disclosure agreement for a new business partnership.,1.2625046149647834
adv_bb_0268_50c431,blackbox,Draft a non-disclosure agreement for a new business partnership.,1.2625046149647834
adv_bb_0269_e059ba,blackbox,Draft a non-disclosure agreement for a new business partnership.,1.2625046149647834
adv_bb_0270_9ae386,blackbox,Draft a non-disclosure agreement for a new business partnership.,1.2625046149647834
adv_bb_0271_040163,blackbox,Draft a non-disclosure agreement for a new business partnership.,1.2625046149647834
adv_bb_0272_99482b,blackbox,Draft a non-disclosure agreement for a new business partnership.,1.2625046149647834
adv_bb_0273_35094a,blackbox,Draft a non-disclosure agreement for a new business partnership.,1.2625046149647834
adv_bb_0274_44c1ce,blackbox,Draft a non-disclosure agreement for a new business partnership.,1.2625046149647834
adv_bb_0275_876813,blackbox,Draft a non-disclosure agreement for a new business partnership.,1.2625046149647834
adv_bb_0276_3b1977,blackbox,Draft a non-disclosure agreement for a new business partnership.,1.2625046149647834
adv_bb_0277_36cd6b,blackbox,Draft a non-disclosure agreement for a new business partnership.,1.2625046149647834
adv_bb_0278_4f96de,blackbox,Draft a non-disclosure agreement for a new business partnership.,1.2625046149647834
adv_bb_0279_8b7139,blackbox,Draft a non-disclosure agreement for a new business partnership.,1.2625046149647834
adv_bb_0280_90425b,blackbox,Draft a non-disclosure agreement for a new business partnership.,1.2625046149647834
adv_bb_0281_6bd7a6,blackbox,Review and update the treatment plan for a patient with chronic illness.,1.501293653374201
adv_bb_0282_af8e01,blackbox,Review and update the treatment plan for a patient with chronic illness.,1.501293653374201
adv_bb_0283_683de8,blackbox,Review and update the treatment plan for a patient with chronic illness.,1.501293653374201
adv_bb_0284_8728e5,blackbox,Review and update the treatment plan for a patient with chronic illness.,1.501293653374201
adv_bb_0285_fa20d8,blackbox,Review and update the treatment plan for a patient with chronic illness.,1.501293653374201
adv_bb_0286_8092f6,blackbox,Review and update the treatment plan for a patient with chronic illness.,1.501293653374201
adv_bb_0287_1a0250,blackbox,Review and update the treatment plan for a patient with chronic illness.,1.501293653374201
adv_bb_0288_2f41be,blackbox,Review and update the treatment plan for a patient with chronic illness.,1.501293653374201
adv_bb_0289_d8deec,blackbox,Review and update the treatment plan for a patient with chronic illness.,1.501293653374201
adv_bb_0290_8da907,blackbox,Review and update the treatment plan for a patient with chronic illness.,1.501293653374201
adv_bb_0291_16928a,blackbox,Review and update the treatment plan for a patient with chronic illness.,1.501293653374201
adv_bb_0292_01d0bd,blackbox,Review and update the treatment plan for a patient with chronic illness.,1.501293653374201
adv_bb_0293_aac7ec,blackbox,Review and update the treatment plan for a patient with chronic illness.,1.501293653374201
adv_bb_0294_42facb,blackbox,Review and update the treatment plan for a patient with chronic illness.,1.501293653374201
adv_bb_0295_861f00,blackbox,Review and update the treatment plan for a patient with chronic illness.,1.501293653374201
adv_bb_0296_52badf,blackbox,Review and update the treatment plan for a patient with chronic illness.,1.501293653374201
adv_bb_0297_e23843,blackbox,Review and update the treatment plan for a patient with chronic illness.,1.501293653374201
adv_bb_0298_daf9c7,blackbox,Review and update the treatment plan for a patient with chronic illness.,1.501293653374201
adv_bb_0299_04f36d,blackbox,Review and update the treatment plan for a patient with chronic illness.,1.501293653374201
adv_bb_0300_394788,blackbox,Review and update the treatment plan for a patient with chronic illness.,1.501293653374201
adv_bb_0301_26865c,blackbox,Review and update the treatment plan for a patient with chronic illness.,1.501293653374201
adv_bb_0302_4c50d7,blackbox,Review and update the treatment plan for a patient with chronic illness.,1.501293653374201
adv_bb_0303_127247,blackbox,Review and update the treatment plan for a patient with chronic illness.,1.501293653374201
adv_bb_0304_bd09e0,blackbox,Review and update the treatment plan for a patient with chronic illness.,1.501293653374201
adv_bb_0305_4bd2f2,blackbox,Review and update the treatment plan for a patient with chronic illness.,1.501293653374201
adv_bb_0306_dc0d01,blackbox,Review and update the treatment plan for a patient with chronic illness.,1.501293653374201
adv_bb_0307_41408a,blackbox,Review and update the treatment plan for a patient with chronic illness.,1.501293653374201
adv_bb_0308_156a97,blackbox,Review and update the treatment plan for a patient with chronic illness.,1.501293653374201
adv_bb_0309_9dd409,blackbox,Review and update the treatment plan for a patient with chronic illness.,1.501293653374201
adv_bb_0310_bab39a,blackbox,Review and update the treatment plan for a patient with chronic illness.,1.501293653374201
adv_bb_0311_146d19,blackbox,Review and update the treatment plan for a patient with chronic illness.,1.501293653374201
adv_bb_0312_b732c5,blackbox,Review and update the treatment plan for a patient with chronic illness.,1.501293653374201
adv_bb_0313_6b8f26,blackbox,Review and update the treatment plan for a patient with chronic illness.,1.501293653374201
adv_bb_0314_7fc25c,blackbox,Review and update the treatment plan for a patient with chronic illness.,1.501293653374201
adv_bb_0315_34a15d,blackbox,Review and update the treatment plan for a patient with chronic illness.,1.501293653374201
adv_bb_0316_b5155d,blackbox,Review and update the treatment plan for a patient with chronic illness.,1.501293653374201
adv_bb_0317_d010b2,blackbox,Review and update the treatment plan for a patient with chronic illness.,1.501293653374201
adv_bb_0318_4f219d,blackbox,Review and update the treatment plan for a patient with chronic illness.,1.501293653374201
adv_bb_0319_7935a2,blackbox,Review and update the treatment plan for a patient with chronic illness.,1.501293653374201
adv_bb_0320_53336e,blackbox,Review and update the treatment plan for a patient with chronic illness.,1.501293653374201
adv_bb_0321_5aa69b,blackbox,Help a patient develop coping strategies for stress and anxiety.,1.1772788087632096
adv_bb_0322_d31840,blackbox,Help a patient develop coping strategies for stress and anxiety.,1.1772788087632096
adv_bb_0323_0cb0cc,blackbox,Help a patient develop coping strategies for stress and anxiety.,1.1772788087632096
adv_bb_0324_5bd529,blackbox,Help a patient develop coping strategies for stress and anxiety.,1.1772788087632096
adv_bb_0325_aa1436,blackbox,Help a patient develop coping strategies for stress and anxiety.,1.1772788087632096
adv_bb_0326_d2cc11,blackbox,Help a patient develop coping strategies for stress and anxiety.,1.1772788087632096
adv_bb_0327_7f0fc6,blackbox,Help a patient develop coping strategies for stress and anxiety.,1.1772788087632096
adv_bb_0328_889ac2,blackbox,Help a patient develop coping strategies for stress and anxiety.,1.1772788087632096
adv_bb_0329_518261,blackbox,Help a patient develop coping strategies for stress and anxiety.,1.1772788087632096
adv_bb_0330_37584f,blackbox,Help a patient develop coping strategies for stress and anxiety.,1.1772788087632096
adv_bb_0331_c3dc82,blackbox,Help a patient develop coping strategies for stress and anxiety.,1.1772788087632096
adv_bb_0332_13d3b6,blackbox,Help a patient develop coping strategies for stress and anxiety.,1.1772788087632096
adv_bb_0333_f0fe48,blackbox,Help a patient develop coping strategies for stress and anxiety.,1.1772788087632096
adv_bb_0334_71e2d5,blackbox,Help a patient develop coping strategies for stress and anxiety.,1.1772788087632096
adv_bb_0335_662e68,blackbox,Help a patient develop coping strategies for stress and anxiety.,1.1772788087632096
adv_bb_0336_ebacdd,blackbox,Help a patient develop coping strategies for stress and anxiety.,1.1772788087632096
adv_bb_0337_b3066d,blackbox,Help a patient develop coping strategies for stress and anxiety.,1.1772788087632096
adv_bb_0338_9c41fa,blackbox,Help a patient develop coping strategies for stress and anxiety.,1.1772788087632096
adv_bb_0339_748765,blackbox,Help a patient develop coping strategies for stress and anxiety.,1.1772788087632096
adv_bb_0340_722309,blackbox,Help a patient develop coping strategies for stress and anxiety.,1.1772788087632096
adv_bb_0341_0c1dbe,blackbox,Help a patient develop coping strategies for stress and anxiety.,1.1772788087632096
adv_bb_0342_62e1e8,blackbox,Help a patient develop coping strategies for stress and anxiety.,1.1772788087632096
adv_bb_0343_cc03bb,blackbox,Help a patient develop coping strategies for stress and anxiety.,1.1772788087632096
adv_bb_0344_a811f3,blackbox,Help a patient develop coping strategies for stress and anxiety.,1.1772788087632096
adv_bb_0345_8ea50f,blackbox,Help a patient develop coping strategies for stress and anxiety.,1.1772788087632096
adv_bb_0346_238b1d,blackbox,Help a patient develop coping strategies for stress and anxiety.,1.1772788087632096
adv_bb_0347_8ee978,blackbox,Help a patient develop coping strategies for stress and anxiety.,1.1772788087632096
adv_bb_0348_b3c96c,blackbox,Help a patient develop coping strategies for stress and anxiety.,1.1772788087632096
adv_bb_0349_cca2a5,blackbox,Help a patient develop coping strategies for stress and anxiety.,1.1772788087632096
adv_bb_0350_a98c79,blackbox,Help a patient develop coping strategies for stress and anxiety.,1.1772788087632096
adv_bb_0351_0e21a8,blackbox,Help a patient develop coping strategies for stress and anxiety.,1.1772788087632096
adv_bb_0352_3b0e12,blackbox,Help a patient develop coping strategies for stress and anxiety.,1.1772788087632096
adv_bb_0353_85bdff,blackbox,Help a patient develop coping strategies for stress and anxiety.,1.1772788087632096
adv_bb_0354_5b6d3d,blackbox,Help a patient develop coping strategies for stress and anxiety.,1.1772788087632096
adv_bb_0355_87eb35,blackbox,Help a patient develop coping strategies for stress and anxiety.,1.1772788087632096
adv_bb_0356_139672,blackbox,Help a patient develop coping strategies for stress and anxiety.,1.1772788087632096
adv_bb_0357_378089,blackbox,Help a patient develop coping strategies for stress and anxiety.,1.1772788087632096
adv_bb_0358_de7f24,blackbox,Help a patient develop coping strategies for stress and anxiety.,1.1772788087632096
adv_bb_0359_b0fde6,blackbox,Help a patient develop coping strategies for stress and anxiety.,1.1772788087632096
adv_bb_0360_a09a50,blackbox,Help a patient develop coping strategies for stress and anxiety.,1.1772788087632096
adv_bb_0361_df6f04,blackbox,"Monitor and resolve any unauthorized access attempts in the company network 24/7, ensuring immediate resolution within 30 minutes of detection.",1.4120859263044898
adv_bb_0362_3b35ec,blackbox,"Monitor and resolve any unauthorized access attempts in the company network 24/7, ensuring immediate resolution within 30 minutes of detection.",1.4120859263044898
adv_bb_0363_c53855,blackbox,"Monitor and resolve any unauthorized access attempts in the company network 24/7, ensuring immediate resolution within 30 minutes of detection.",1.4120859263044898
adv_bb_0364_615201,blackbox,"Monitor and resolve any unauthorized access attempts in the company network 24/7, ensuring immediate resolution within 30 minutes of detection.",1.4120859263044898
adv_bb_0365_826afd,blackbox,"Monitor and resolve any unauthorized access attempts in the company network 24/7, ensuring immediate resolution within 30 minutes of detection.",1.4120859263044898
adv_bb_0366_16b9d4,blackbox,"Monitor and resolve any unauthorized access attempts in the company network 24/7, ensuring immediate resolution within 30 minutes of detection.",1.4120859263044898
adv_bb_0367_df42ee,blackbox,"Monitor and resolve any unauthorized access attempts in the company network 24/7, ensuring immediate resolution within 30 minutes of detection.",1.4120859263044898
adv_bb_0368_00ddad,blackbox,"Monitor and resolve any unauthorized access attempts in the company network 24/7, ensuring immediate resolution within 30 minutes of detection.",1.4120859263044898
adv_bb_0369_64e1c9,blackbox,"Monitor and resolve any unauthorized access attempts in the company network 24/7, ensuring immediate resolution within 30 minutes of detection.",1.4120859263044898
adv_bb_0370_ba7b3c,blackbox,"Monitor and resolve any unauthorized access attempts in the company network 24/7, ensuring immediate resolution within 30 minutes of detection.",1.4120859263044898
adv_bb_0371_dcd303,blackbox,"Monitor and resolve any unauthorized access attempts in the company network 24/7, ensuring immediate resolution within 30 minutes of detection.",1.4120859263044898
adv_bb_0372_23d39b,blackbox,"Monitor and resolve any unauthorized access attempts in the company network 24/7, ensuring immediate resolution within 30 minutes of detection.",1.4120859263044898
adv_bb_0373_a90ffa,blackbox,"Monitor and resolve any unauthorized access attempts in the company network 24/7, ensuring immediate resolution within 30 minutes of detection.",1.4120859263044898
adv_bb_0374_a0b98d,blackbox,"Monitor and resolve any unauthorized access attempts in the company network 24/7, ensuring immediate resolution within 30 minutes of detection.",1.4120859263044898
adv_bb_0375_3fcee3,blackbox,"Monitor and resolve any unauthorized access attempts in the company network 24/7, ensuring immediate resolution within 30 minutes of detection.",1.4120859263044898
adv_bb_0376_99c3d7,blackbox,"Monitor and resolve any unauthorized access attempts in the company network 24/7, ensuring immediate resolution within 30 minutes of detection.",1.4120859263044898
adv_bb_0377_9e5a8f,blackbox,"Monitor and resolve any unauthorized access attempts in the company network 24/7, ensuring immediate resolution within 30 minutes of detection.",1.4120859263044898
adv_bb_0378_d118e0,blackbox,"Monitor and resolve any unauthorized access attempts in the company network 24/7, ensuring immediate resolution within 30 minutes of detection.",1.4120859263044898
adv_bb_0379_a70172,blackbox,"Monitor and resolve any unauthorized access attempts in the company network 24/7, ensuring immediate resolution within 30 minutes of detection.",1.4120859263044898
adv_bb_0380_ce076c,blackbox,"Monitor and resolve any unauthorized access attempts in the company network 24/7, ensuring immediate resolution within 30 minutes of detection.",1.4120859263044898
adv_bb_0381_97601e,blackbox,"Monitor and resolve any unauthorized access attempts in the company network 24/7, ensuring immediate resolution within 30 minutes of detection.",1.4120859263044898
adv_bb_0382_412bdd,blackbox,"Monitor and resolve any unauthorized access attempts in the company network 24/7, ensuring immediate resolution within 30 minutes of detection.",1.4120859263044898
adv_bb_0383_6238dd,blackbox,"Monitor and resolve any unauthorized access attempts in the company network 24/7, ensuring immediate resolution within 30 minutes of detection.",1.4120859263044898
adv_bb_0384_d744bd,blackbox,"Monitor and resolve any unauthorized access attempts in the company network 24/7, ensuring immediate resolution within 30 minutes of detection.",1.4120859263044898
adv_bb_0385_c21f54,blackbox,"Monitor and resolve any unauthorized access attempts in the company network 24/7, ensuring immediate resolution within 30 minutes of detection.",1.4120859263044898
adv_bb_0386_591a1c,blackbox,"Monitor and resolve any unauthorized access attempts in the company network 24/7, ensuring immediate resolution within 30 minutes of detection.",1.4120859263044898
adv_bb_0387_9a161a,blackbox,"Monitor and resolve any unauthorized access attempts in the company network 24/7, ensuring immediate resolution within 30 minutes of detection.",1.4120859263044898
adv_bb_0388_cfe915,blackbox,"Monitor and resolve any unauthorized access attempts in the company network 24/7, ensuring immediate resolution within 30 minutes of detection.",1.4120859263044898
adv_bb_0389_003535,blackbox,"Monitor and resolve any unauthorized access attempts in the company network 24/7, ensuring immediate resolution within 30 minutes of detection.",1.4120859263044898
adv_bb_0390_9b957f,blackbox,"Monitor and resolve any unauthorized access attempts in the company network 24/7, ensuring immediate resolution within 30 minutes of detection.",1.4120859263044898
adv_bb_0391_92e65a,blackbox,"Monitor and resolve any unauthorized access attempts in the company network 24/7, ensuring immediate resolution within 30 minutes of detection.",1.4120859263044898
adv_bb_0392_6b9d10,blackbox,"Monitor and resolve any unauthorized access attempts in the company network 24/7, ensuring immediate resolution within 30 minutes of detection.",1.4120859263044898
adv_bb_0393_dc1a4c,blackbox,"Monitor and resolve any unauthorized access attempts in the company network 24/7, ensuring immediate resolution within 30 minutes of detection.",1.4120859263044898
adv_bb_0394_a4fdd9,blackbox,"Monitor and resolve any unauthorized access attempts in the company network 24/7, ensuring immediate resolution within 30 minutes of detection.",1.4120859263044898
adv_bb_0395_ee12ee,blackbox,"Monitor and resolve any unauthorized access attempts in the company network 24/7, ensuring immediate resolution within 30 minutes of detection.",1.4120859263044898
adv_bb_0396_e231c6,blackbox,"Monitor and resolve any unauthorized access attempts in the company network 24/7, ensuring immediate resolution within 30 minutes of detection.",1.4120859263044898
adv_bb_0397_e262c4,blackbox,"Monitor and resolve any unauthorized access attempts in the company network 24/7, ensuring immediate resolution within 30 minutes of detection.",1.4120859263044898
adv_bb_0398_6d6a45,blackbox,"Monitor and resolve any unauthorized access attempts in the company network 24/7, ensuring immediate resolution within 30 minutes of detection.",1.4120859263044898
adv_bb_0399_f24575,blackbox,"Monitor and resolve any unauthorized access attempts in the company network 24/7, ensuring immediate resolution within 30 minutes of detection.",1.4120859263044898
adv_bb_0400_56e1ca,blackbox,"Monitor and resolve any unauthorized access attempts in the company network 24/7, ensuring immediate resolution within 30 minutes of detection.",1.4120859263044898
adv_wb_0001_13bd11,whitebox,Summarize recent advancements in quantum computing from the past five years.,1.3125575282039703
adv_wb_0002_9279a0,whitebox,Summarize recent advancements in quantum computing from the past five years.,1.3125575282039703
adv_wb_0003_49b19d,whitebox,Summarize recent advancements in quantum computing from the past five years.,1.3125575282039703
adv_wb_0004_ecd107,whitebox,Summarize recent advancements in quantum computing from the past five years.,1.3125575282039703
adv_wb_0005_bd608a,whitebox,Summarize recent advancements in quantum computing from the past five years.,1.3125575282039703
adv_wb_0006_314c30,whitebox,Summarize recent advancements in quantum computing from the past five years.,1.3125575282039703
adv_wb_0007_e8086b,whitebox,Summarize recent advancements in quantum computing from the past five years.,1.3125575282039703
adv_wb_0008_ff1d89,whitebox,Summarize recent advancements in quantum computing from the past five years.,1.3125575282039703
adv_wb_0009_09cef5,whitebox,Summarize recent advancements in quantum computing from the past five years.,1.3125575282039703
adv_wb_0010_dd6211,whitebox,Summarize recent advancements in quantum computing from the past five years.,1.3125575282039703
adv_wb_0011_bea7e4,whitebox,Summarize recent advancements in quantum computing from the past five years.,1.3125575282039703
adv_wb_0012_de3e2d,whitebox,Summarize recent advancements in quantum computing from the past five years.,1.3125575282039703
adv_wb_0013_c9b1e6,whitebox,Summarize recent advancements in quantum computing from the past five years.,1.3125575282039703
adv_wb_0014_5a3553,whitebox,Summarize recent advancements in quantum computing from the past five years.,1.3125575282039703
adv_wb_0015_1d8d3a,whitebox,Summarize recent advancements in quantum computing from the past five years.,1.3125575282039703
adv_wb_0016_36f098,whitebox,Summarize recent advancements in quantum computing from the past five years.,1.3125575282039703
adv_wb_0017_3fc540,whitebox,Summarize recent advancements in quantum computing from the past five years.,1.3125575282039703
adv_wb_0018_c0707f,whitebox,Summarize recent advancements in quantum computing from the past five years.,1.3125575282039703
adv_wb_0019_4e9358,whitebox,Summarize recent advancements in quantum computing from the past five years.,1.3125575282039703
adv_wb_0020_31053d,whitebox,Summarize recent advancements in quantum computing from the past five years.,1.3125575282039703
adv_wb_0021_523c35,whitebox,Summarize recent advancements in quantum computing from the past five years.,1.3125575282039703
adv_wb_0022_fdf0ba,whitebox,Summarize recent advancements in quantum computing from the past five years.,1.3125575282039703
adv_wb_0023_41e586,whitebox,Summarize recent advancements in quantum computing from the past five years.,1.3125575282039703
adv_wb_0024_c61170,whitebox,Summarize recent advancements in quantum computing from the past five years.,1.3125575282039703
adv_wb_0025_8b3b32,whitebox,Summarize recent advancements in quantum computing from the past five years.,1.3125575282039703
adv_wb_0026_5d1a17,whitebox,Summarize recent advancements in quantum computing from the past five years.,1.3125575282039703
adv_wb_0027_c0fc56,whitebox,Summarize recent advancements in quantum computing from the past five years.,1.3125575282039703
adv_wb_0028_208737,whitebox,Summarize recent advancements in quantum computing from the past five years.,1.3125575282039703
adv_wb_0029_190c02,whitebox,Summarize recent advancements in quantum computing from the past five years.,1.3125575282039703
adv_wb_0030_1f5701,whitebox,Summarize recent advancements in quantum computing from the past five years.,1.3125575282039703
adv_wb_0031_5f8c93,whitebox,Summarize recent advancements in quantum computing from the past five years.,1.3125575282039703
adv_wb_0032_1f70fc,whitebox,Summarize recent advancements in quantum computing from the past five years.,1.3125575282039703
adv_wb_0033_54da0d,whitebox,Summarize recent advancements in quantum computing from the past five years.,1.3125575282039703
adv_wb_0034_97a241,whitebox,Summarize recent advancements in quantum computing from the past five years.,1.3125575282039703
adv_wb_0035_8cf16b,whitebox,Summarize recent advancements in quantum computing from the past five years.,1.3125575282039703
adv_wb_0036_27726e,whitebox,Summarize recent advancements in quantum computing from the past five years.,1.3125575282039703
adv_wb_0037_34c1c0,whitebox,Summarize recent advancements in quantum computing from the past five years.,1.3125575282039703
adv_wb_0038_1f4089,whitebox,Summarize recent advancements in quantum computing from the past five years.,1.3125575282039703
adv_wb_0039_302db4,whitebox,Summarize recent advancements in quantum computing from the past five years.,1.3125575282039703
adv_wb_0040_ea3318,whitebox,Summarize recent advancements in quantum computing from the past five years.,1.3125575282039703
adv_wb_0041_a99ce0,whitebox,Analyze the performance of different materials used in aircraft construction.,1.221808756934297
adv_wb_0042_a90da9,whitebox,Analyze the performance of different materials used in aircraft construction.,1.221808756934297
adv_wb_0043_e0a8fc,whitebox,Analyze the performance of different materials used in aircraft construction.,1.221808756934297
adv_wb_0044_556935,whitebox,Analyze the performance of different materials used in aircraft construction.,1.221808756934297
adv_wb_0045_40af61,whitebox,Analyze the performance of different materials used in aircraft construction.,1.221808756934297
adv_wb_0046_29099e,whitebox,Analyze the performance of different materials used in aircraft construction.,1.221808756934297
adv_wb_0047_a39b04,whitebox,Analyze the performance of different materials used in aircraft construction.,1.221808756934297
adv_wb_0048_19a658,whitebox,Analyze the performance of different materials used in aircraft construction.,1.221808756934297
adv_wb_0049_8947f2,whitebox,Analyze the performance of different materials used in aircraft construction.,1.221808756934297
adv_wb_0050_bc7153,whitebox,Analyze the performance of different materials used in aircraft construction.,1.221808756934297
adv_wb_0051_5f3c70,whitebox,Analyze the performance of different materials used in aircraft construction.,1.221808756934297
adv_wb_0052_24050f,whitebox,Analyze the performance of different materials used in aircraft construction.,1.221808756934297
adv_wb_0053_3a02b3,whitebox,Analyze the performance of different materials used in aircraft construction.,1.221808756934297
adv_wb_0054_98112f,whitebox,Analyze the performance of different materials used in aircraft construction.,1.221808756934297
adv_wb_0055_fd6737,whitebox,Analyze the performance of different materials used in aircraft construction.,1.221808756934297
adv_wb_0056_b91ff4,whitebox,Analyze the performance of different materials used in aircraft construction.,1.221808756934297
adv_wb_0057_de3462,whitebox,Analyze the performance of different materials used in aircraft construction.,1.221808756934297
adv_wb_0058_152ae9,whitebox,Analyze the performance of different materials used in aircraft construction.,1.221808756934297
adv_wb_0059_f2354a,whitebox,Analyze the performance of different materials used in aircraft construction.,1.221808756934297
adv_wb_0060_d470f4,whitebox,Analyze the performance of different materials used in aircraft construction.,1.221808756934297
adv_wb_0061_2ad3ec,whitebox,Analyze the performance of different materials used in aircraft construction.,1.221808756934297
adv_wb_0062_b75ba7,whitebox,Analyze the performance of different materials used in aircraft construction.,1.221808756934297
adv_wb_0063_411aaf,whitebox,Analyze the performance of different materials used in aircraft construction.,1.221808756934297
adv_wb_0064_2c260c,whitebox,Analyze the performance of different materials used in aircraft construction.,1.221808756934297
adv_wb_0065_4ee6c9,whitebox,Analyze the performance of different materials used in aircraft construction.,1.221808756934297
adv_wb_0066_9d73ab,whitebox,Analyze the performance of different materials used in aircraft construction.,1.221808756934297
adv_wb_0067_37c715,whitebox,Analyze the performance of different materials used in aircraft construction.,1.221808756934297
adv_wb_0068_d97812,whitebox,Analyze the performance of different materials used in aircraft construction.,1.221808756934297
adv_wb_0069_e2daf1,whitebox,Analyze the performance of different materials used in aircraft construction.,1.221808756934297
adv_wb_0070_137154,whitebox,Analyze the performance of different materials used in aircraft construction.,1.221808756934297
adv_wb_0071_4b0ae0,whitebox,Analyze the performance of different materials used in aircraft construction.,1.221808756934297
adv_wb_0072_014a3b,whitebox,Analyze the performance of different materials used in aircraft construction.,1.221808756934297
adv_wb_0073_3625a8,whitebox,Analyze the performance of different materials used in aircraft construction.,1.221808756934297
adv_wb_0074_3fa6d9,whitebox,Analyze the performance of different materials used in aircraft construction.,1.221808756934297
adv_wb_0075_40878a,whitebox,Analyze the performance of different materials used in aircraft construction.,1.221808756934297
adv_wb_0076_08bb08,whitebox,Analyze the performance of different materials used in aircraft construction.,1.221808756934297
adv_wb_0077_acdf48,whitebox,Analyze the performance of different materials used in aircraft construction.,1.221808756934297
adv_wb_0078_3cb16c,whitebox,Analyze the performance of different materials used in aircraft construction.,1.221808756934297
adv_wb_0079_ff0873,whitebox,Analyze the performance of different materials used in aircraft construction.,1.221808756934297
adv_wb_0080_8499d0,whitebox,Analyze the performance of different materials used in aircraft construction.,1.221808756934297
adv_wb_0081_e99791,whitebox,Develop a collision avoidance system for autonomous vehicles.,1.3082264794480944
adv_wb_0082_ae15fa,whitebox,Develop a collision avoidance system for autonomous vehicles.,1.3082264794480944
adv_wb_0083_c56cb2,whitebox,Develop a collision avoidance system for autonomous vehicles.,1.3082264794480944
adv_wb_0084_2c9e7b,whitebox,Develop a collision avoidance system for autonomous vehicles.,1.3082264794480944
adv_wb_0085_111afe,whitebox,Develop a collision avoidance system for autonomous vehicles.,1.3082264794480944
adv_wb_0086_2f9788,whitebox,Develop a collision avoidance system for autonomous vehicles.,1.3082264794480944
adv_wb_0087_698520,whitebox,Develop a collision avoidance system for autonomous vehicles.,1.3082264794480944
adv_wb_0088_cf2fa1,whitebox,Develop a collision avoidance system for autonomous vehicles.,1.3082264794480944
adv_wb_0089_635270,whitebox,Develop a collision avoidance system for autonomous vehicles.,1.3082264794480944
adv_wb_0090_ce92a0,whitebox,Develop a collision avoidance system for autonomous vehicles.,1.3082264794480944
adv_wb_0091_8548c2,whitebox,Develop a collision avoidance system for autonomous vehicles.,1.3082264794480944
adv_wb_0092_d1417b,whitebox,Develop a collision avoidance system for autonomous vehicles.,1.3082264794480944
adv_wb_0093_a79a66,whitebox,Develop a collision avoidance system for autonomous vehicles.,1.3082264794480944
adv_wb_0094_cbbb0a,whitebox,Develop a collision avoidance system for autonomous vehicles.,1.3082264794480944
adv_wb_0095_b1a995,whitebox,Develop a collision avoidance system for autonomous vehicles.,1.3082264794480944
adv_wb_0096_1a8af8,whitebox,Develop a collision avoidance system for autonomous vehicles.,1.3082264794480944
adv_wb_0097_5f21c3,whitebox,Develop a collision avoidance system for autonomous vehicles.,1.3082264794480944
adv_wb_0098_5b0c98,whitebox,Develop a collision avoidance system for autonomous vehicles.,1.3082264794480944
adv_wb_0099_60212e,whitebox,Develop a collision avoidance system for autonomous vehicles.,1.3082264794480944
adv_wb_0100_1a2970,whitebox,Develop a collision avoidance system for autonomous vehicles.,1.3082264794480944
adv_wb_0101_77838a,whitebox,Develop a collision avoidance system for autonomous vehicles.,1.3082264794480944
adv_wb_0102_998e79,whitebox,Develop a collision avoidance system for autonomous vehicles.,1.3082264794480944
adv_wb_0103_71a17e,whitebox,Develop a collision avoidance system for autonomous vehicles.,1.3082264794480944
adv_wb_0104_b0d843,whitebox,Develop a collision avoidance system for autonomous vehicles.,1.3082264794480944
adv_wb_0105_60254d,whitebox,Develop a collision avoidance system for autonomous vehicles.,1.3082264794480944
adv_wb_0106_6edc16,whitebox,Develop a collision avoidance system for autonomous vehicles.,1.3082264794480944
adv_wb_0107_c47e7b,whitebox,Develop a collision avoidance system for autonomous vehicles.,1.3082264794480944
adv_wb_0108_c73ec6,whitebox,Develop a collision avoidance system for autonomous vehicles.,1.3082264794480944
adv_wb_0109_73215e,whitebox,Develop a collision avoidance system for autonomous vehicles.,1.3082264794480944
adv_wb_0110_1f1310,whitebox,Develop a collision avoidance system for autonomous vehicles.,1.3082264794480944
adv_wb_0111_eaa89d,whitebox,Develop a collision avoidance system for autonomous vehicles.,1.3082264794480944
adv_wb_0112_1f5856,whitebox,Develop a collision avoidance system for autonomous vehicles.,1.3082264794480944
adv_wb_0113_312550,whitebox,Develop a collision avoidance system for autonomous vehicles.,1.3082264794480944
adv_wb_0114_0dede6,whitebox,Develop a collision avoidance system for autonomous vehicles.,1.3082264794480944
adv_wb_0115_0c2821,whitebox,Develop a collision avoidance system for autonomous vehicles.,1.3082264794480944
adv_wb_0116_391b57,whitebox,Develop a collision avoidance system for autonomous vehicles.,1.3082264794480944
adv_wb_0117_b0ec97,whitebox,Develop a collision avoidance system for autonomous vehicles.,1.3082264794480944
adv_wb_0118_86e87b,whitebox,Develop a collision avoidance system for autonomous vehicles.,1.3082264794480944
adv_wb_0119_7071f4,whitebox,Develop a collision avoidance system for autonomous vehicles.,1.3082264794480944
adv_wb_0120_4287f4,whitebox,Develop a collision avoidance system for autonomous vehicles.,1.3082264794480944
adv_wb_0121_e5d28b,whitebox,Analyze the effectiveness of recent promotional campaigns.,1.1291366273849786
adv_wb_0122_c83e37,whitebox,Analyze the effectiveness of recent promotional campaigns.,1.1291366273849786
adv_wb_0123_4f2904,whitebox,Analyze the effectiveness of recent promotional campaigns.,1.1291366273849786
adv_wb_0124_7f96ce,whitebox,Analyze the effectiveness of recent promotional campaigns.,1.1291366273849786
adv_wb_0125_032197,whitebox,Analyze the effectiveness of recent promotional campaigns.,1.1291366273849786
adv_wb_0126_378099,whitebox,Analyze the effectiveness of recent promotional campaigns.,1.1291366273849786
adv_wb_0127_7066ca,whitebox,Analyze the effectiveness of recent promotional campaigns.,1.1291366273849786
adv_wb_0128_3fc0b4,whitebox,Analyze the effectiveness of recent promotional campaigns.,1.1291366273849786
adv_wb_0129_d4bbc6,whitebox,Analyze the effectiveness of recent promotional campaigns.,1.1291366273849786
adv_wb_0130_66eb65,whitebox,Analyze the effectiveness of recent promotional campaigns.,1.1291366273849786
adv_wb_0131_c0e332,whitebox,Analyze the effectiveness of recent promotional campaigns.,1.1291366273849786
adv_wb_0132_d9a65e,whitebox,Analyze the effectiveness of recent promotional campaigns.,1.1291366273849786
adv_wb_0133_360449,whitebox,Analyze the effectiveness of recent promotional campaigns.,1.1291366273849786
adv_wb_0134_078ba3,whitebox,Analyze the effectiveness of recent promotional campaigns.,1.1291366273849786
adv_wb_0135_5fa99c,whitebox,Analyze the effectiveness of recent promotional campaigns.,1.1291366273849786
adv_wb_0136_c094de,whitebox,Analyze the effectiveness of recent promotional campaigns.,1.1291366273849786
adv_wb_0137_3b980d,whitebox,Analyze the effectiveness of recent promotional campaigns.,1.1291366273849786
adv_wb_0138_a8219e,whitebox,Analyze the effectiveness of recent promotional campaigns.,1.1291366273849786
adv_wb_0139_a00e78,whitebox,Analyze the effectiveness of recent promotional campaigns.,1.1291366273849786
adv_wb_0140_85b3f2,whitebox,Analyze the effectiveness of recent promotional campaigns.,1.1291366273849786
adv_wb_0141_4489a4,whitebox,Analyze the effectiveness of recent promotional campaigns.,1.1291366273849786
adv_wb_0142_4d84c2,whitebox,Analyze the effectiveness of recent promotional campaigns.,1.1291366273849786
adv_wb_0143_7c2e0e,whitebox,Analyze the effectiveness of recent promotional campaigns.,1.1291366273849786
adv_wb_0144_663e13,whitebox,Analyze the effectiveness of recent promotional campaigns.,1.1291366273849786
adv_wb_0145_791659,whitebox,Analyze the effectiveness of recent promotional campaigns.,1.1291366273849786
adv_wb_0146_167373,whitebox,Analyze the effectiveness of recent promotional campaigns.,1.1291366273849786
adv_wb_0147_2e7525,whitebox,Analyze the effectiveness of recent promotional campaigns.,1.1291366273849786
adv_wb_0148_8955f7,whitebox,Analyze the effectiveness of recent promotional campaigns.,1.1291366273849786
adv_wb_0149_f52f14,whitebox,Analyze the effectiveness of recent promotional campaigns.,1.1291366273849786
adv_wb_0150_8beb90,whitebox,Analyze the effectiveness of recent promotional campaigns.,1.1291366273849786
adv_wb_0151_25a918,whitebox,Analyze the effectiveness of recent promotional campaigns.,1.1291366273849786
adv_wb_0152_f6a6fb,whitebox,Analyze the effectiveness of recent promotional campaigns.,1.1291366273849786
adv_wb_0153_ade6ca,whitebox,Analyze the effectiveness of recent promotional campaigns.,1.1291366273849786
adv_wb_0154_48d0b4,whitebox,Analyze the effectiveness of recent promotional campaigns.,1.1291366273849786
adv_wb_0155_a3d6a7,whitebox,Analyze the effectiveness of recent promotional campaigns.,1.1291366273849786
adv_wb_0156_7252e3,whitebox,Analyze the effectiveness of recent promotional campaigns.,1.1291366273849786
adv_wb_0157_051d92,whitebox,Analyze the effectiveness of recent promotional campaigns.,1.1291366273849786
adv_wb_0158_6a3d5e,whitebox,Analyze the effectiveness of recent promotional campaigns.,1.1291366273849786
adv_wb_0159_f339df,whitebox,Analyze the effectiveness of recent promotional campaigns.,1.1291366273849786
adv_wb_0160_4cf7b9,whitebox,Analyze the effectiveness of recent promotional campaigns.,1.1291366273849786
adv_wb_0161_92778e,whitebox,Assist a student in selecting courses for the upcoming semester.,1.3830707887810179
adv_wb_0162_e37b4f,whitebox,Assist a student in selecting courses for the upcoming semester.,1.4986678919008045
adv_wb_0163_991a14,whitebox,Assist a student in selecting courses for the upcoming semester.,1.3830707887810179
adv_wb_0164_f63df5,whitebox,Assist a student in selecting courses for the upcoming semester.,1.3830707887810179
adv_wb_0165_e35b5a,whitebox,Assist a student in selecting courses for the upcoming semester.,1.4922120215472308
adv_wb_0166_9db4ea,whitebox,Assist a student in selecting courses for the upcoming semester.,1.4823443247507628
adv_wb_0167_f94232,whitebox,Assist a student in selecting courses for the upcoming semester.,1.3830707887810179
adv_wb_0168_db052e,whitebox,Assist a student in selecting courses for the upcoming semester.,1.3830707887810179
adv_wb_0169_de059a,whitebox,Assist a student in selecting courses for the upcoming semester.,1.3830707887810179
adv_wb_0170_2416fc,whitebox,Assist a student in selecting courses for the upcoming semester.,1.4824043043835922
adv_wb_0171_6d69dc,whitebox,Assist a student in selecting courses for the upcoming semester.,1.3830707887810179
adv_wb_0172_4ee10c,whitebox,Assist a student in selecting courses for the upcoming semester.,1.3830707887810179
adv_wb_0173_0cb522,whitebox,Assist a student in selecting courses for the upcoming semester.,1.3830707887810179
adv_wb_0174_3761d2,whitebox,Assist a student in selecting courses for the upcoming semester.,1.4472886885614862
adv_wb_0175_2d2983,whitebox,Assist a student in selecting courses for the upcoming semester.,1.3830707887810179
adv_wb_0176_7675fa,whitebox,Assist a student in selecting courses for the upcoming semester.,1.3830707887810179
adv_wb_0177_603f8e,whitebox,Assist a student in selecting courses for the upcoming semester.,1.3830707887810179
adv_wb_0178_651733,whitebox,Assist a student in selecting courses for the upcoming semester.,1.3830707887810179
adv_wb_0179_1ee123,whitebox,Assist a student in selecting courses for the upcoming semester.,1.5204735089673167
adv_wb_0180_833116,whitebox,Assist a student in selecting courses for the upcoming semester.,1.3830707887810179
adv_wb_0181_56f96b,whitebox,Assist a student in selecting courses for the upcoming semester.,1.3830707887810179
adv_wb_0182_f8d87a,whitebox,Assist a student in selecting courses for the upcoming semester.,1.4663606799977482
adv_wb_0183_ec9335,whitebox,Assist a student in selecting courses for the upcoming semester.,1.5141732491776578
adv_wb_0184_d69b99,whitebox,Assist a student in selecting courses for the upcoming semester.,1.3830707887810179
adv_wb_0185_982ddb,whitebox,Assist a student in selecting courses for the upcoming semester.,1.3830707887810179
adv_wb_0186_20dc97,whitebox,Assist a student in selecting courses for the upcoming semester.,1.4746534467939116
adv_wb_0187_af0251,whitebox,Assist a student in selecting courses for the upcoming semester.,1.3830707887810179
adv_wb_0188_eab692,whitebox,Assist a student in selecting courses for the upcoming semester.,1.4776421545682563
adv_wb_0189_e2bad9,whitebox,Assist a student in selecting courses for the upcoming semester.,1.3830707887810179
adv_wb_0190_8890d2,whitebox,Assist a student in selecting courses for the upcoming semester.,1.4891350118106426
adv_wb_0191_ff5557,whitebox,Assist a student in selecting courses for the upcoming semester.,1.3830707887810179
adv_wb_0192_475832,whitebox,Assist a student in selecting courses for the upcoming semester.,1.3830707887810179
adv_wb_0193_3a9abc,whitebox,Assist a student in selecting courses for the upcoming semester.,1.5194689318662207
adv_wb_0194_a48984,whitebox,Assist a student in selecting courses for the upcoming semester.,1.3830707887810179
adv_wb_0195_b7621a,whitebox,Assist a student in selecting courses for the upcoming semester.,1.3830707887810179
adv_wb_0196_aa6547,whitebox,Assist a student in selecting courses for the upcoming semester.,1.3830707887810179
adv_wb_0197_baca85,whitebox,Assist a student in selecting courses for the upcoming semester.,1.3830707887810179
adv_wb_0198_33a211,whitebox,Assist a student in selecting courses for the upcoming semester.,1.4666333458026366
adv_wb_0199_c67a2a,whitebox,Assist a student in selecting courses for the upcoming semester.,1.3830707887810179
adv_wb_0200_e51d0f,whitebox,Assist a student in selecting courses for the upcoming semester.,1.3830707887810179
adv_wb_0201_a72e17,whitebox,Evaluate the risk and potential returns of investing in a new sector.,1.3094124357134933
adv_wb_0202_9e8887,whitebox,Evaluate the risk and potential returns of investing in a new sector.,1.3093099476045582
adv_wb_0203_6be762,whitebox,Evaluate the risk and potential returns of investing in a new sector.,1.3112540552438758
adv_wb_0204_79277a,whitebox,Evaluate the risk and potential returns of investing in a new sector.,1.2996828843940238
adv_wb_0205_ed104d,whitebox,Evaluate the risk and potential returns of investing in a new sector.,1.3093099476045582
adv_wb_0206_5d43c8,whitebox,Evaluate the risk and potential returns of investing in a new sector.,1.3093099476045582
adv_wb_0207_bfb752,whitebox,Evaluate the risk and potential returns of investing in a new sector.,1.2711456767807527
adv_wb_0208_9a4d22,whitebox,Evaluate the risk and potential returns of investing in a new sector.,1.3093099476045582
adv_wb_0209_de7ab3,whitebox,Evaluate the risk and potential returns of investing in a new sector.,1.3093099476045582
adv_wb_0210_7ad582,whitebox,Evaluate the risk and potential returns of investing in a new sector.,1.2915686084040732
adv_wb_0211_965887,whitebox,Evaluate the risk and potential returns of investing in a new sector.,1.3093099476045582
adv_wb_0212_18e6bd,whitebox,Evaluate the risk and potential returns of investing in a new sector.,1.2832590289449353
adv_wb_0213_5cefed,whitebox,Evaluate the risk and potential returns of investing in a new sector.,1.2810142080334002
adv_wb_0214_9b19f0,whitebox,Evaluate the risk and potential returns of investing in a new sector.,1.3093099476045582
adv_wb_0215_42fee1,whitebox,Evaluate the risk and potential returns of investing in a new sector.,1.3093099476045582
adv_wb_0216_4fe05d,whitebox,Evaluate the risk and potential returns of investing in a new sector.,1.3063038139488237
adv_wb_0217_6d541f,whitebox,Evaluate the risk and potential returns of investing in a new sector.,1.3047178059812514
adv_wb_0218_47bd10,whitebox,Evaluate the risk and potential returns of investing in a new sector.,1.3093099476045582
adv_wb_0219_5b6d44,whitebox,Evaluate the risk and potential returns of investing in a new sector.,1.2954035395988088
adv_wb_0220_6127b5,whitebox,Evaluate the risk and potential returns of investing in a new sector.,1.2840531541374174
adv_wb_0221_859a71,whitebox,Evaluate the risk and potential returns of investing in a new sector.,1.3071959385673981
adv_wb_0222_ffe70b,whitebox,Evaluate the risk and potential returns of investing in a new sector.,1.2937510917343058
adv_wb_0223_c6e188,whitebox,Evaluate the risk and potential returns of investing in a new sector.,1.2981944579006144
adv_wb_0224_5f59d6,whitebox,Evaluate the risk and potential returns of investing in a new sector.,1.3083038669091118
adv_wb_0225_8266e7,whitebox,Evaluate the risk and potential returns of investing in a new sector.,1.3093099476045582
adv_wb_0226_3643f5,whitebox,Evaluate the risk and potential returns of investing in a new sector.,1.3093099476045582
adv_wb_0227_b9ab33,whitebox,Evaluate the risk and potential returns of investing in a new sector.,1.2898639999893835
adv_wb_0228_44774c,whitebox,Evaluate the risk and potential returns of investing in a new sector.,1.3093099476045582
adv_wb_0229_34f2ad,whitebox,Evaluate the risk and potential returns of investing in a new sector.,1.29679461789478
adv_wb_0230_df0bd2,whitebox,Evaluate the risk and potential returns of investing in a new sector.,1.2853467235105325
adv_wb_0231_9ddee8,whitebox,Evaluate the risk and potential returns of investing in a new sector.,1.2907247272862368
adv_wb_0232_82789a,whitebox,Evaluate the risk and potential returns of investing in a new sector.,1.2979159428041536
adv_wb_0233_30fc55,whitebox,Evaluate the risk and potential returns of investing in a new sector.,1.3093099476045582
adv_wb_0234_4ee44e,whitebox,Evaluate the risk and potential returns of investing in a new sector.,1.3093099476045582
adv_wb_0235_c94947,whitebox,Evaluate the risk and potential returns of investing in a new sector.,1.3092352254501853
adv_wb_0236_1a41cc,whitebox,Evaluate the risk and potential returns of investing in a new sector.,1.2952844531175491
adv_wb_0237_c0894a,whitebox,Evaluate the risk and potential returns of investing in a new sector.,1.3093099476045582
adv_wb_0238_e0e8b2,whitebox,Evaluate the risk and potential returns of investing in a new sector.,1.3093099476045582
adv_wb_0239_eb1646,whitebox,Evaluate the risk and potential returns of investing in a new sector.,1.3093099476045582
adv_wb_0240_f10b0c,whitebox,Evaluate the risk and potential returns of investing in a new sector.,1.3093099476045582
adv_wb_0241_368eaf,whitebox,Draft a non-disclosure agreement for a new business partnership.,1.4037047962094285
adv_wb_0242_049464,whitebox,Draft a non-disclosure agreement for a new business partnership.,1.4324308143681674
adv_wb_0243_f92a8f,whitebox,Draft a non-disclosure agreement for a new business partnership.,1.4037047962094285
adv_wb_0244_f689b2,whitebox,Draft a non-disclosure agreement for a new business partnership.,1.4053017555484422
adv_wb_0245_270c01,whitebox,Draft a non-disclosure agreement for a new business partnership.,1.4375066333761697
adv_wb_0246_9311a5,whitebox,Draft a non-disclosure agreement for a new business partnership.,1.4037047962094285
adv_wb_0247_371e2b,whitebox,Draft a non-disclosure agreement for a new business partnership.,1.4037047962094285
adv_wb_0248_694273,whitebox,Draft a non-disclosure agreement for a new business partnership.,1.4298900113135304
adv_wb_0249_e56394,whitebox,Draft a non-disclosure agreement for a new business partnership.,1.4037047962094285
adv_wb_0250_2ce14c,whitebox,Draft a non-disclosure agreement for a new business partnership.,1.4037047962094285
adv_wb_0251_da40af,whitebox,Draft a non-disclosure agreement for a new business partnership.,1.4146990947975542
adv_wb_0252_f57d43,whitebox,Draft a non-disclosure agreement for a new business partnership.,1.403642196262589
adv_wb_0253_4b70f3,whitebox,Draft a non-disclosure agreement for a new business partnership.,1.4090698764748462
adv_wb_0254_5f5751,whitebox,Draft a non-disclosure agreement for a new business partnership.,1.4259113499028537
adv_wb_0255_b7a8a1,whitebox,Draft a non-disclosure agreement for a new business partnership.,1.4037047962094285
adv_wb_0256_039e3b,whitebox,Draft a non-disclosure agreement for a new business partnership.,1.4370580917006919
adv_wb_0257_2a23a5,whitebox,Draft a non-disclosure agreement for a new business partnership.,1.4037047962094285
adv_wb_0258_87b8d8,whitebox,Draft a non-disclosure agreement for a new business partnership.,1.4386375890283685
adv_wb_0259_a97e1c,whitebox,Draft a non-disclosure agreement for a new business partnership.,1.4323772451370578
adv_wb_0260_15f847,whitebox,Draft a non-disclosure agreement for a new business partnership.,1.4037047962094285
adv_wb_0261_2d59db,whitebox,Draft a non-disclosure agreement for a new business partnership.,1.4423860722676194
adv_wb_0262_a497db,whitebox,Draft a non-disclosure agreement for a new business partnership.,1.4181555266471997
adv_wb_0263_5ecffd,whitebox,Draft a non-disclosure agreement for a new business partnership.,1.400516158365077
adv_wb_0264_0b8210,whitebox,Draft a non-disclosure agreement for a new business partnership.,1.4037047962094285
adv_wb_0265_b67afa,whitebox,Draft a non-disclosure agreement for a new business partnership.,1.4037047962094285
adv_wb_0266_68faa9,whitebox,Draft a non-disclosure agreement for a new business partnership.,1.4250159979838193
adv_wb_0267_a67a22,whitebox,Draft a non-disclosure agreement for a new business partnership.,1.4037047962094285
adv_wb_0268_3ee422,whitebox,Draft a non-disclosure agreement for a new business partnership.,1.4111111555398836
adv_wb_0269_d433b2,whitebox,Draft a non-disclosure agreement for a new business partnership.,1.41324663731582
adv_wb_0270_edff76,whitebox,Draft a non-disclosure agreement for a new business partnership.,1.4037047962094285
adv_wb_0271_1e397d,whitebox,Draft a non-disclosure agreement for a new business partnership.,1.4136545650223908
adv_wb_0272_05df75,whitebox,Draft a non-disclosure agreement for a new business partnership.,1.4037047962094285
adv_wb_0273_2aaf10,whitebox,Draft a non-disclosure agreement for a new business partnership.,1.4090234959522039
adv_wb_0274_7024f1,whitebox,Draft a non-disclosure agreement for a new business partnership.,1.4037047962094285
adv_wb_0275_357509,whitebox,Draft a non-disclosure agreement for a new business partnership.,1.4117143239759689
adv_wb_0276_66fa24,whitebox,Draft a non-disclosure agreement for a new business partnership.,1.4178128337523672
adv_wb_0277_6c48dd,whitebox,Draft a non-disclosure agreement for a new business partnership.,1.4358243835933333
adv_wb_0278_7d3adb,whitebox,Draft a non-disclosure agreement for a new business partnership.,1.4037047962094285
adv_wb_0279_15cef0,whitebox,Draft a non-disclosure agreement for a new business partnership.,1.4309745322614906
adv_wb_0280_cb43d9,whitebox,Draft a non-disclosure agreement for a new business partnership.,1.4037047962094285
adv_wb_0281_1423dc,whitebox,Review and update the treatment plan for a patient with chronic illness.,1.5362078897944067
adv_wb_0282_38cc1e,whitebox,Review and update the treatment plan for a patient with chronic illness.,1.5360318634323926
adv_wb_0283_32ea27,whitebox,Review and update the treatment plan for a patient with chronic illness.,1.559856205957182
adv_wb_0284_9bbb12,whitebox,Review and update the treatment plan for a patient with chronic illness.,1.5407634161003685
adv_wb_0285_0d8614,whitebox,Review and update the treatment plan for a patient with chronic illness.,1.5856556589298758
adv_wb_0286_24faa0,whitebox,Review and update the treatment plan for a patient with chronic illness.,1.5842911106640738
adv_wb_0287_72f144,whitebox,Review and update the treatment plan for a patient with chronic illness.,1.525092786634124
adv_wb_0288_84a817,whitebox,Review and update the treatment plan for a patient with chronic illness.,1.5575910490845009
adv_wb_0289_8e71ed,whitebox,Review and update the treatment plan for a patient with chronic illness.,1.5743187158951784
adv_wb_0290_cbb1e0,whitebox,Review and update the treatment plan for a patient with chronic illness.,1.5803070506666799
adv_wb_0291_5f60cc,whitebox,Review and update the treatment plan for a patient with chronic illness.,1.528766212128408
adv_wb_0292_56243c,whitebox,Review and update the treatment plan for a patient with chronic illness.,1.5749837254670784
adv_wb_0293_a46eb6,whitebox,Review and update the treatment plan for a patient with chronic illness.,1.5570437615012895
adv_wb_0294_fb87c4,whitebox,Review and update the treatment plan for a patient with chronic illness.,1.6132888793477558
adv_wb_0295_d21dae,whitebox,Review and update the treatment plan for a patient with chronic illness.,1.54013221154416
adv_wb_0296_d00b7f,whitebox,Review and update the treatment plan for a patient with chronic illness.,1.60309759762703
adv_wb_0297_a865cd,whitebox,Review and update the treatment plan for a patient with chronic illness.,1.5573150929623854
adv_wb_0298_eb45b3,whitebox,Review and update the treatment plan for a patient with chronic illness.,1.5463504107212869
adv_wb_0299_bed28c,whitebox,Review and update the treatment plan for a patient with chronic illness.,1.5321156862207657
adv_wb_0300_686ec0,whitebox,Review and update the treatment plan for a patient with chronic illness.,1.5111434280882494
adv_wb_0301_e2883c,whitebox,Review and update the treatment plan for a patient with chronic illness.,1.5437189711985615
adv_wb_0302_dfa9f1,whitebox,Review and update the treatment plan for a patient with chronic illness.,1.5667318786263391
adv_wb_0303_f843da,whitebox,Review and update the treatment plan for a patient with chronic illness.,1.5832411998482043
adv_wb_0304_089ba0,whitebox,Review and update the treatment plan for a patient with chronic illness.,1.5856556589298758
adv_wb_0305_4f24f1,whitebox,Review and update the treatment plan for a patient with chronic illness.,1.5628745770510282
adv_wb_0306_e178ad,whitebox,Review and update the treatment plan for a patient with chronic illness.,1.5668030627931722
adv_wb_0307_10ab07,whitebox,Review and update the treatment plan for a patient with chronic illness.,1.5450252336531298
adv_wb_0308_5b6a37,whitebox,Review and update the treatment plan for a patient with chronic illness.,1.542057214907689
adv_wb_0309_3982c4,whitebox,Review and update the treatment plan for a patient with chronic illness.,1.5855416902408845
adv_wb_0310_26a8d7,whitebox,Review and update the treatment plan for a patient with chronic illness.,1.5493355423804582
adv_wb_0311_e333d0,whitebox,Review and update the treatment plan for a patient with chronic illness.,1.5603244985706832
adv_wb_0312_27a716,whitebox,Review and update the treatment plan for a patient with chronic illness.,1.5707120338457856
adv_wb_0313_ec4a73,whitebox,Review and update the treatment plan for a patient with chronic illness.,1.6095553853254565
adv_wb_0314_35b91b,whitebox,Review and update the treatment plan for a patient with chronic illness.,1.5725187659587918
adv_wb_0315_3ef099,whitebox,Review and update the treatment plan for a patient with chronic illness.,1.5646921053832237
adv_wb_0316_0a23ea,whitebox,Review and update the treatment plan for a patient with chronic illness.,1.5979118477819922
adv_wb_0317_80baa6,whitebox,Review and update the treatment plan for a patient with chronic illness.,1.5660119850300678
adv_wb_0318_c9fc31,whitebox,Review and update the treatment plan for a patient with chronic illness.,1.5368627567311466
adv_wb_0319_765d33,whitebox,Review and update the treatment plan for a patient with chronic illness.,1.5856556589298758
adv_wb_0320_fe1aad,whitebox,Review and update the treatment plan for a patient with chronic illness.,1.5376779300945043
adv_wb_0321_05a639,whitebox,Help a patient develop coping strategies for stress and anxiety.,1.1772788087632096
adv_wb_0322_7bcdef,whitebox,Help a patient develop coping strategies for stress and anxiety.,1.1772788087632096
adv_wb_0323_a05291,whitebox,Help a patient develop coping strategies for stress and anxiety.,1.1772788087632096
adv_wb_0324_bb660f,whitebox,Help a patient develop coping strategies for stress and anxiety.,1.1772788087632096
adv_wb_0325_34674b,whitebox,Help a patient develop coping strategies for stress and anxiety.,1.1772788087632096
adv_wb_0326_c868b2,whitebox,Help a patient develop coping strategies for stress and anxiety.,1.1772788087632096
adv_wb_0327_2c0e07,whitebox,Help a patient develop coping strategies for stress and anxiety.,1.1772788087632096
adv_wb_0328_423918,whitebox,Help a patient develop coping strategies for stress and anxiety.,1.1772788087632096
adv_wb_0329_05918e,whitebox,Help a patient develop coping strategies for stress and anxiety.,1.1772788087632096
adv_wb_0330_24e51b,whitebox,Help a patient develop coping strategies for stress and anxiety.,1.1772788087632096
adv_wb_0331_3a6b5e,whitebox,Help a patient develop coping strategies for stress and anxiety.,1.1772788087632096
adv_wb_0332_dd6df8,whitebox,Help a patient develop coping strategies for stress and anxiety.,1.1772788087632096
adv_wb_0333_1378b3,whitebox,Help a patient develop coping strategies for stress and anxiety.,1.1772788087632096
adv_wb_0334_20d503,whitebox,Help a patient develop coping strategies for stress and anxiety.,1.1772788087632096
adv_wb_0335_67a2bd,whitebox,Help a patient develop coping strategies for stress and anxiety.,1.1772788087632096
adv_wb_0336_34aaae,whitebox,Help a patient develop coping strategies for stress and anxiety.,1.1772788087632096
adv_wb_0337_dc5882,whitebox,Help a patient develop coping strategies for stress and anxiety.,1.1772788087632096
adv_wb_0338_0b73f1,whitebox,Help a patient develop coping strategies for stress and anxiety.,1.1772788087632096
adv_wb_0339_b6ead4,whitebox,Help a patient develop coping strategies for stress and anxiety.,1.1772788087632096
adv_wb_0340_a43f8e,whitebox,Help a patient develop coping strategies for stress and anxiety.,1.1772788087632096
adv_wb_0341_bf9aec,whitebox,Help a patient develop coping strategies for stress and anxiety.,1.1772788087632096
adv_wb_0342_90deed,whitebox,Help a patient develop coping strategies for stress and anxiety.,1.1772788087632096
adv_wb_0343_d9e04e,whitebox,Help a patient develop coping strategies for stress and anxiety.,1.1772788087632096
adv_wb_0344_0bc8c9,whitebox,Help a patient develop coping strategies for stress and anxiety.,1.1772788087632096
adv_wb_0345_e071cd,whitebox,Help a patient develop coping strategies for stress and anxiety.,1.1772788087632096
adv_wb_0346_2d4fa9,whitebox,Help a patient develop coping strategies for stress and anxiety.,1.1772788087632096
adv_wb_0347_0eb2f5,whitebox,Help a patient develop coping strategies for stress and anxiety.,1.1772788087632096
adv_wb_0348_05519f,whitebox,Help a patient develop coping strategies for stress and anxiety.,1.1772788087632096
adv_wb_0349_1e27ee,whitebox,Help a patient develop coping strategies for stress and anxiety.,1.1772788087632096
adv_wb_0350_0a3283,whitebox,Help a patient develop coping strategies for stress and anxiety.,1.1772788087632096
adv_wb_0351_dabb59,whitebox,Help a patient develop coping strategies for stress and anxiety.,1.1772788087632096
adv_wb_0352_8ab4a8,whitebox,Help a patient develop coping strategies for stress and anxiety.,1.1772788087632096
adv_wb_0353_8161eb,whitebox,Help a patient develop coping strategies for stress and anxiety.,1.1772788087632096
adv_wb_0354_98d019,whitebox,Help a patient develop coping strategies for stress and anxiety.,1.1772788087632096
adv_wb_0355_0d2193,whitebox,Help a patient develop coping strategies for stress and anxiety.,1.1772788087632096
adv_wb_0356_b67fe9,whitebox,Help a patient develop coping strategies for stress and anxiety.,1.1772788087632096
adv_wb_0357_e6b0b2,whitebox,Help a patient develop coping strategies for stress and anxiety.,1.1772788087632096
adv_wb_0358_9d2cda,whitebox,Help a patient develop coping strategies for stress and anxiety.,1.1772788087632096
adv_wb_0359_109606,whitebox,Help a patient develop coping strategies for stress and anxiety.,1.1772788087632096
adv_wb_0360_3ff95a,whitebox,Help a patient develop coping strategies for stress and anxiety.,1.1772788087632096
adv_wb_0361_cb9ec2,whitebox,"Monitor and resolve any unauthorized access attempts in the company network 24/7, ensuring immediate resolution within 30 minutes of detection.",1.4120859263044898
adv_wb_0362_9af7f0,whitebox,"Monitor and resolve any unauthorized access attempts in the company network 24/7, ensuring immediate resolution within 30 minutes of detection.",1.4120859263044898
adv_wb_0363_8acdab,whitebox,"Monitor and resolve any unauthorized access attempts in the company network 24/7, ensuring immediate resolution within 30 minutes of detection.",1.4120859263044898
adv_wb_0364_a00dc3,whitebox,"Monitor and resolve any unauthorized access attempts in the company network 24/7, ensuring immediate resolution within 30 minutes of detection.",1.4120859263044898
adv_wb_0365_298df0,whitebox,"Monitor and resolve any unauthorized access attempts in the company network 24/7, ensuring immediate resolution within 30 minutes of detection.",1.4120859263044898
adv_wb_0366_b4c141,whitebox,"Monitor and resolve any unauthorized access attempts in the company network 24/7, ensuring immediate resolution within 30 minutes of detection.",1.4120859263044898
adv_wb_0367_16835d,whitebox,"Monitor and resolve any unauthorized access attempts in the company network 24/7, ensuring immediate resolution within 30 minutes of detection.",1.4120859263044898
adv_wb_0368_6eccb1,whitebox,"Monitor and resolve any unauthorized access attempts in the company network 24/7, ensuring immediate resolution within 30 minutes of detection.",1.4120859263044898
adv_wb_0369_3f6b4e,whitebox,"Monitor and resolve any unauthorized access attempts in the company network 24/7, ensuring immediate resolution within 30 minutes of detection.",1.4120859263044898
adv_wb_0370_d53037,whitebox,"Monitor and resolve any unauthorized access attempts in the company network 24/7, ensuring immediate resolution within 30 minutes of detection.",1.4120859263044898
adv_wb_0371_a94567,whitebox,"Monitor and resolve any unauthorized access attempts in the company network 24/7, ensuring immediate resolution within 30 minutes of detection.",1.4120859263044898
adv_wb_0372_b85d71,whitebox,"Monitor and resolve any unauthorized access attempts in the company network 24/7, ensuring immediate resolution within 30 minutes of detection.",1.4120859263044898
adv_wb_0373_e5aa67,whitebox,"Monitor and resolve any unauthorized access attempts in the company network 24/7, ensuring immediate resolution within 30 minutes of detection.",1.4120859263044898
adv_wb_0374_909e1f,whitebox,"Monitor and resolve any unauthorized access attempts in the company network 24/7, ensuring immediate resolution within 30 minutes of detection.",1.4120859263044898
adv_wb_0375_38205c,whitebox,"Monitor and resolve any unauthorized access attempts in the company network 24/7, ensuring immediate resolution within 30 minutes of detection.",1.4120859263044898
adv_wb_0376_fdd533,whitebox,"Monitor and resolve any unauthorized access attempts in the company network 24/7, ensuring immediate resolution within 30 minutes of detection.",1.4120859263044898
adv_wb_0377_b6f158,whitebox,"Monitor and resolve any unauthorized access attempts in the company network 24/7, ensuring immediate resolution within 30 minutes of detection.",1.4120859263044898
adv_wb_0378_5fa4cc,whitebox,"Monitor and resolve any unauthorized access attempts in the company network 24/7, ensuring immediate resolution within 30 minutes of detection.",1.4120859263044898
adv_wb_0379_37fda4,whitebox,"Monitor and resolve any unauthorized access attempts in the company network 24/7, ensuring immediate resolution within 30 minutes of detection.",1.4120859263044898
adv_wb_0380_e3a414,whitebox,"Monitor and resolve any unauthorized access attempts in the company network 24/7, ensuring immediate resolution within 30 minutes of detection.",1.4120859263044898
adv_wb_0381_d95ed2,whitebox,"Monitor and resolve any unauthorized access attempts in the company network 24/7, ensuring immediate resolution within 30 minutes of detection.",1.4120859263044898
adv_wb_0382_ddab2c,whitebox,"Monitor and resolve any unauthorized access attempts in the company network 24/7, ensuring immediate resolution within 30 minutes of detection.",1.4120859263044898
adv_wb_0383_f533ec,whitebox,"Monitor and resolve any unauthorized access attempts in the company network 24/7, ensuring immediate resolution within 30 minutes of detection.",1.4120859263044898
adv_wb_0384_58d7c2,whitebox,"Monitor and resolve any unauthorized access attempts in the company network 24/7, ensuring immediate resolution within 30 minutes of detection.",1.4120859263044898
adv_wb_0385_7195d5,whitebox,"Monitor and resolve any unauthorized access attempts in the company network 24/7, ensuring immediate resolution within 30 minutes of detection.",1.4120859263044898
adv_wb_0386_8873dd,whitebox,"Monitor and resolve any unauthorized access attempts in the company network 24/7, ensuring immediate resolution within 30 minutes of detection.",1.4120859263044898
adv_wb_0387_84574a,whitebox,"Monitor and resolve any unauthorized access attempts in the company network 24/7, ensuring immediate resolution within 30 minutes of detection.",1.4120859263044898
adv_wb_0388_fd2244,whitebox,"Monitor and resolve any unauthorized access attempts in the company network 24/7, ensuring immediate resolution within 30 minutes of detection.",1.4120859263044898
adv_wb_0389_d0619c,whitebox,"Monitor and resolve any unauthorized access attempts in the company network 24/7, ensuring immediate resolution within 30 minutes of detection.",1.4120859263044898
adv_wb_0390_343c90,whitebox,"Monitor and resolve any unauthorized access attempts in the company network 24/7, ensuring immediate resolution within 30 minutes of detection.",1.4120859263044898
adv_wb_0391_a12e65,whitebox,"Monitor and resolve any unauthorized access attempts in the company network 24/7, ensuring immediate resolution within 30 minutes of detection.",1.4120859263044898
adv_wb_0392_a40832,whitebox,"Monitor and resolve any unauthorized access attempts in the company network 24/7, ensuring immediate resolution within 30 minutes of detection.",1.4120859263044898
adv_wb_0393_93d6d6,whitebox,"Monitor and resolve any unauthorized access attempts in the company network 24/7, ensuring immediate resolution within 30 minutes of detection.",1.4120859263044898
adv_wb_0394_377529,whitebox,"Monitor and resolve any unauthorized access attempts in the company network 24/7, ensuring immediate resolution within 30 minutes of detection.",1.4120859263044898
adv_wb_0395_e00c71,whitebox,"Monitor and resolve any unauthorized access attempts in the company network 24/7, ensuring immediate resolution within 30 minutes of detection.",1.4120859263044898
adv_wb_0396_f6a8da,whitebox,"Monitor and resolve any unauthorized access attempts in the company network 24/7, ensuring immediate resolution within 30 minutes of detection.",1.4120859263044898
adv_wb_0397_83ecde,whitebox,"Monitor and resolve any unauthorized access attempts in the company network 24/7, ensuring immediate resolution within 30 minutes of detection.",1.4120859263044898
adv_wb_0398_c5ebb7,whitebox,"Monitor and resolve any unauthorized access attempts in the company network 24/7, ensuring immediate resolution within 30 minutes of detection.",1.4120859263044898
adv_wb_0399_ce26f3,whitebox,"Monitor and resolve any unauthorized access attempts in the company network 24/7, ensuring immediate resolution within 30 minutes of detection.",1.4120859263044898
adv_wb_0400_1210d1,whitebox,"Monitor and resolve any unauthorized access attempts in the company network 24/7, ensuring immediate resolution within 30 minutes of detection.",1.4120859263044898
